Name,First Name,Last Name,Betradar ID
De'Vante Bausby,De'Vante,Bausby,944420
Ja-Quane Nelson,Ja-Quane,Nelson,1248792
Colin Thompson,Colin,Thompson,1250288
Monty Montgomery,Monty,Montgomery,1258148
Rob Saulin,Rob,Saulin,1258254
Jason Moore,Jason,Moore,1258256
Timarcus Davis,Timarcus,Davis,1258276
Trestan Ebner,Trestan,Ebner,1258282
Gavin Holmes,Gavin,Holmes,1258284
Garret McGuire,Garret,McGuire,1258286
Tyler Henderson,Tyler,Henderson,1258294
Terrel Bernard,Terrel,Bernard,1258296
Henry Klinge III,Henry,Klinge III,1258300
Bryson Jackson,Bryson,Jackson,1258302
Xavier Newman,Xavier,Newman,1258322
Ashton Logan,Ashton,Logan,1258324
Ryan Miller,Ryan,Miller,1258326
Chidi Ogbonnaya,Chidi,Ogbonnaya,1258328
Cole Maxwell,Cole,Maxwell,1258336
Luke Giegling,Luke,Giegling,1258552
Tarique Milton,Tarique,Milton,1259122
Alexander Hollins,Alexander,Hollins,1259152
Cody Roscoe,Cody,Roscoe,1260476
Popo Aumavae,Popo,Aumavae,1260560
Austin Faoliu,Austin,Faoliu,1260590
Cody Shear,Cody,Shear,1260600
Alex Forsyth,Alex,Forsyth,1260602
Johnny Johnson III,Johnny,Johnson III,1260606
Cyrus Habibi-Likio,Cyrus,Habibi-Likio,1260616
Jake Tonges,Jake,Tonges,1260718
Daniel Etter,Daniel,Etter,1260724
Evan King,Evan,King,1260766
Jack Beeman,Jack,Beeman,1260774
Matt Horwitz,Matt,Horwitz,1260776
Kade Parmelly,Kade,Parmelly,1260824
Christian Zendejas,Christian,Zendejas,1260832
Kyle Breed,Kyle,Breed,1260836
Isaiah Robinson,Isaiah,Robinson,1260924
Brian Casteel,Brian,Casteel,1261444
Rhedi Short,Rhedi,Short,1261452
Tyson Gardner,Tyson,Gardner,1261456
Tony Fields,Tony,Fields,1261458
JB Brown,JB,Brown,1261466
Edgar Burrola,Edgar,Burrola,1261474
Nathan Tilford,Nathan,Tilford,1261478
Rourke Freeburg,Rourke,Freeburg,1261482
Malik Hausman,Malik,Hausman,1261486
Gary Brightwell,Gary,Brightwell,1261488
Jalen Harris,Jalen,Harris,1261494
Lucas Havrisik,Lucas,Havrisik,1261496
Michael Turk,Michael,Turk,1261500
Bryce Wolma,Bryce,Wolma,1261512
Anthony Pandy,Anthony,Pandy,1261518
Justus Reed,Justus,Reed,1262588
Zion Johnson,Zion,Johnson,1262658
Josh Nurse,Josh,Nurse,1262664
Matt Gay,Matt,Gay,1262704
Bubba Bolden,Bubba,Bolden,1262722
Levi Jones,Levi,Jones,1262748
Ralph Taufa'asau,Ralph,Taufa'asau,1262754
Moku Watson,Moku,Watson,1262756
Alexander Skelton,Alexander,Skelton,1262760
Keli'i Montibon,Keli'i,Montibon,1262762
Brock Wellsfry,Brock,Wellsfry,1262784
Bryce Bramscher,Bryce,Bramscher,1262786
Jaelen Bush,Jaelen,Bush,1262788
Kaleb Hayes,Kaleb,Hayes,1262790
David Morris,David,Morris,1262792
B.J. Baylor,B.J.,Baylor,1262794
Calvin Tyler,Calvin,Tyler,1262800
Champ Flemings,Champ,Flemings,1262806
Isaiah Dunn,Isaiah,Dunn,1262808
William Sherman,William,Sherman,1262978
Casey Roddick,Casey,Roddick,1262980
K.D. Nixon,K.D.,Nixon,1262982
Jalen Sami,Jalen,Sami,1262986
Nico Magri,Nico,Magri,1262988
Carson Wells,Carson,Wells,1263008
Nate Landman,Nate,Landman,1263010
Brady Russell,Brady,Russell,1263018
Chris Miller,Chris,Miller,1263020
James Stefanou,James,Stefanou,1263022
Maurice Bell,Maurice,Bell,1263026
Jonathan Van Diest,Jonathan,Van Diest,1263028
Jared Poplawski,Jared,Poplawski,1263036
Terrance Lang,Terrance,Lang,1263058
Alex Fontenot,Alex,Fontenot,1263060
Chase Newman,Chase,Newman,1263062
Vandarius Cowan,Vandarius,Cowan,1264006
Aaron Wright,Aaron,Wright,1268832
Mike Hughes,Mike,Hughes,1268844
Daniel Karlin,Daniel,Karlin,1268874
Jackson Hubbard,Jackson,Hubbard,1268878
Josh Blackwell,Josh,Blackwell,1268884
John Taylor,John,Taylor,1268886
Brandon Kipper,Brandon,Kipper,1269008
Liam Ryan,Liam,Ryan,1269056
Thayer Thomas,Thayer,Thomas,1269078
Marquis Hayes,Marquis,Hayes,1269164
Tre Brown,Tre,Brown,1269204
Adrian Ealy,Adrian,Ealy,1269206
Cam Bright,Cam,Bright,1269224
Cal Adomitis,Cal,Adomitis,1269226
Jake Scarton,Jake,Scarton,1269248
Gabe Houy,Gabe,Houy,1269252
Damarri Mathis,Damarri,Mathis,1269256
Jason Pinnock,Jason,Pinnock,1269258
Brian Burgess,Brian,Burgess,1269268
Kenny Rainey,Kenny,Rainey,1269272
Todd Sibley,Todd,Sibley,1269274
Paris Ford,Paris,Ford,1269276
Garrett Bickhart,Garrett,Bickhart,1269278
A.J. Davis,A.J.,Davis,1269284
Dennis Daley,Dennis,Daley,1269286
Carter Warren,Carter,Warren,1269296
Jaylen Twyman,Jaylen,Twyman,1269300
Owen Drexel,Owen,Drexel,1269306
Keisean Nixon,Keisean,Nixon,1269332
Hamsah Nasirildeen,Hamsah,Nasirildeen,1269346
Marvin Wilson,Marvin,Wilson,1269350
Stanford Samuels,Stanford,Samuels,1269352
Deonte Sheffield,Deonte,Sheffield,1269356
Brady Scott,Brady,Scott,1269358
Isaiah McDuffie,Isaiah,McDuffie,1269378
Jahmin Muse,Jahmin,Muse,1269380
Jaleel Berry,Jaleel,Berry,1269384
Paul Theobald,Paul,Theobald,1269388
TJ Rayam,TJ,Rayam,1269390
Cory Durden,Cory,Durden,1269398
Ontaria Wilson,Ontaria,Wilson,1269400
Reggie Terry,Reggie,Terry,1269402
DeCalon Brooks,DeCalon,Brooks,1269406
Tamorrion Terry,Tamorrion,Terry,1269408
Nate Emer,Nate,Emer,1269410
Hunter Long,Hunter,Long,1269412
Brandon Sebastian,Brandon,Sebastian,1269414
Ben Petrula,Ben,Petrula,1269426
Marcus Valdez,Marcus,Valdez,1269428
Thomas Hovsepian,Thomas,Hovsepian,1269430
Tate Haynes,Tate,Haynes,1269432
Drew McQuarrie,Drew,McQuarrie,1269434
CJ Lewis,CJ,Lewis,1269436
Colvin Alford,Colvin,Alford,1269522
Josh Jackson,Josh,Jackson,1269532
Caleb Farley,Caleb,Farley,1269776
Drake DeIuliis,Drake,DeIuliis,1269802
Rayshard Ashby,Rayshard,Ashby,1269814
Jaylen Grifin,Jaylen,Grifin,1269816
Bryce Watts,Bryce,Watts,1269826
TyJuan Garbutt,TyJuan,Garbutt,1269828
Maurice Burkley,Maurice,Burkley,1269832
Mitch Hall,Mitch,Hall,1269836
Malik Cunningham,Malik,Cunningham,1269840
Dorian Etheridge,Dorian,Etheridge,1269844
Zion Debose,Zion,Debose,1269846
Jalen Holston,Jalen,Holston,1269848
Lecitus Smith,Lecitus,Smith,1269850
Justin Marshall,Justin,Marshall,1269862
Josh Johnson,Josh,Johnson,1269866
Cole Bentley,Cole,Bentley,1269878
Caleb Chandler,Caleb,Chandler,1269884
Jack Fagot,Jack,Fagot,1269886
Nick Okeke,Nick,Okeke,1269890
Anthony Johnson,Anthony,Johnson,1269912
Isaac Martin,Isaac,Martin,1269922
Rodjay Burns,Rodjay,Burns,1270020
Goran Jovanovic,Goran,Jovanovic,1270042
Ian Driscoll,Ian,Driscoll,1270044
Connor Hebbeler,Connor,Hebbeler,1270046
Jack Rielly,Jack,Rielly,1270050
Will Drawdy,Will,Drawdy,1270054
Adam Winter,Adam,Winter,1270056
Derek Greiner,Derek,Greiner,1270174
Alton Ledell Robinson,Alton Ledell,Robinson,1270352
Kevin Nusdeo,Kevin,Nusdeo,1270354
Tommy DeVito,Tommy,DeVito,1270358
Russell Thompson-Bishop,Russell,Thompson-Bishop,1270366
Dakota Davis,Dakota,Davis,1270376
Tyrell Richards,Tyrell,Richards,1270378
Ifeatu Melifonwu,Ifeatu,Melifonwu,1270380
Andre Szmyt,Andre,Szmyt,1270382
Chris Elmore,Chris,Elmore,1270384
Kingsley Jonathan,Kingsley,Jonathan,1270386
Sharod Johnson,Sharod,Johnson,1270394
Zach Morton,Zach,Morton,1270398
Eric Coley,Eric,Coley,1270400
Curtis Harper,Curtis,Harper,1270412
Patrick Davis,Patrick,Davis,1270414
Austyn Chestnut,Austyn,Chestnut,1270422
Nykeim Johnson,Nykeim,Johnson,1270434
Cooper Graham,Cooper,Graham,1270438
Beau Corrales,Beau,Corrales,1270444
DJ Brown,DJ,Brown,1270986
Michael Parrott,Michael,Parrott,1271064
Turner Davidson,Turner,Davidson,1271074
Jonathan Ford,Jonathan,Ford,1271080
DJ Johnson,DJ,Johnson,1271084
Gus Edwards,Gus,Edwards,1271818
Raheem Blackshear,Raheem,Blackshear,1271930
Darvin Kidsy,Darvin,Kidsy,1272102
Jacob Meeker-Hackett,Jacob,Meeker-Hackett,1273182
Jaylin Nolden,Jaylin,Nolden,1273274
Chibueze Onwuka,Chibueze,Onwuka,1273334
Aaron Blackwell,Aaron,Blackwell,1274444
Justin Collins,Justin,Collins,1274628
Cameron Ekanayake,Cameron,Ekanayake,1274888
Patrick Pelini,Patrick,Pelini,1274904
John Mahoney,John,Mahoney,1274906
Drew White,Drew,White,1274908
Avery Davis,Avery,Davis,1274910
Myron Tagovailoa-Amosa,Myron,Tagovailoa-Amosa,1274914
J.D. Carney,J.D.,Carney,1274918
Josh Lugg,Josh,Lugg,1274938
Jeremiah Owusu-Koramoah,Jeremiah,Owusu-Koramoah,1274940
Dillan Gibbons,Dillan,Gibbons,1274944
Jonathan Doerer,Jonathan,Doerer,1274946
Kurt Hinish,Kurt,Hinish,1274950
Anthony Lyle,Anthony,Lyle,1275092
Parker Grothaus,Parker,Grothaus,1276486
Noah Boone,Noah,Boone,1276722
Tai James,Tai,James,1276750
Nathan Kyei-Donkor,Nathan,Kyei-Donkor,1276796
Charles Snowden,Charles,Snowden,1278522
Tommy Christ,Tommy,Christ,1278524
T.J. Kitts,T.J.,Kitts,1278528
J'Marick Woods,J'Marick,Woods,1278590
Justin Zollar,Justin,Zollar,1278592
Tyler Fannin,Tyler,Fannin,1278594
Gerrik Vollmer,Gerrik,Vollmer,1278596
Matt Gahm,Matt,Gahm,1278598
Brian Delaney,Brian,Delaney,1278600
Mandy Alonso,Mandy,Alonso,1278602
Terrell Jana,Terrell,Jana,1278604
Zane Zandier,Zane,Zandier,1278606
Ryan Swoboda,Ryan,Swoboda,1278616
Lindell Stone,Lindell,Stone,1278618
Elliott Brown,Elliott,Brown,1278628
Ryan Nelson,Ryan,Nelson,1278634
Hayden Mitchell,Hayden,Mitchell,1278636
Darnell Pratt,Darnell,Pratt,1278638
Darrius Bratton,Darrius,Bratton,1278644
A.J. Mejia,A.J.,Mejia,1278650
Andrew Yavinsky,Andrew,Yavinsky,1278652
Joey Blount,Joey,Blount,1278654
Austin Chrismon,Austin,Chrismon,1281772
Khalil Keith,Khalil,Keith,1281802
Sylvester Mayers,Sylvester,Mayers,1296952
Peter Cote,Peter,Cote,1296954
Keith Davis,Keith,Davis,1312140
Scott Foley,Scott,Foley,1317816
Patrick Nasiatka,Patrick,Nasiatka,1323500
Jay Sedwick,Jay,Sedwick,1336996
Sam Eguavoen,Sam,Eguavoen,1662787
Josh DeBerry,Josh,DeBerry,1687995
Izaiah Henderson,Izaiah,Henderson,1687999
Connor Grieco,Connor,Grieco,1688001
Jack Conley,Jack,Conley,1688003
Patrick Garwo,Patrick,Garwo,1688005
Zay Flowers,Zay,Flowers,1688007
Jackson Ness,Jackson,Ness,1688013
Steve Lubischer,Steve,Lubischer,1688033
Bryce Sebastian,Bryce,Sebastian,1688035
Blerim Rustemi,Blerim,Rustemi,1688037
Logan Cash,Logan,Cash,1688081
Lannden Zanders,Lannden,Zanders,1688085
Elijah Wroten,Elijah,Wroten,1688183
Charlie Ham,Charlie,Ham,1688185
Jaylen Coleman,Jaylen,Coleman,1688191
Jalon Calhoun,Jalon,Calhoun,1688193
Sayyid Stevens,Sayyid,Stevens,1688195
RJ Oben,RJ,Oben,1688197
Jordan Waters,Jordan,Waters,1688199
Christian Rorie,Christian,Rorie,1688201
Jalen Alexander,Jalen,Alexander,1688203
Matthew Smith,Matthew,Smith,1688205
John Gelotte,John,Gelotte,1688207
Caleb Oppan,Caleb,Oppan,1688209
Darrell Harding,Darrell,Harding,1688211
Ron Carr,Ron,Carr,1688255
DeWayne Carter,DeWayne,Carter,1688285
Jacob Monk,Jacob,Monk,1688287
Eli Pancol,Eli,Pancol,1688289
Tony Davis,Tony,Davis,1688291
Ahmad Craig,Ahmad,Craig,1688293
Greg Williams,Greg,Williams,1688295
Davis Allen,Davis,Allen,1688297
Kaleb Boateng,Kaleb,Boateng,1688299
Aidan Swanson,Aidan,Swanson,1688301
Ruke Orhorhoro,Ruke,Orhorhoro,1688303
Ray Thornton,Ray,Thornton,1688305
Brannon Spector,Brannon,Spector,1688307
Tayquon Johnson,Tayquon,Johnson,1688311
Hunter Rayburn,Hunter,Rayburn,1688313
Jalyn Phillips,Jalyn,Phillips,1688315
Etinosa Reuben,Etinosa,Reuben,1688317
Keith Maguire,Keith,Maguire,1688319
Chez Mellusi,Chez,Mellusi,1688321
Kane Patterson,Kane,Patterson,1688323
Jaelyn Lay,Jaelyn,Lay,1688325
Vonta Bentley,Vonta,Bentley,1688327
Taisun Phommachanh,Taisun,Phommachanh,1688329
Jordan Yates,Jordan,Yates,1688333
Tyler Davis,Tyler,Davis,1688339
Joseph Charleston,Joseph,Charleston,1688341
Zach Owens,Zach,Owens,1688343
Andrew Booth,Andrew,Booth,1688345
Sheridan Jones,Sheridan,Jones,1688347
Kenan Johnson,Kenan,Johnson,1688351
William Putnam,William,Putnam,1688353
Frank Ladson,Frank,Ladson,1688355
Sylvain Yondjouen,Sylvain,Yondjouen,1688357
Shitta Sillah,Shitta,Sillah,1688359
Kalani Norris,Kalani,Norris,1688363
Ethon Williams,Ethon,Williams,1688365
Wesley Walker,Wesley,Walker,1688377
Jordan Huff,Jordan,Huff,1688379
D Quan Douse,D Quan,Douse,1688385
Dylan Deveney,Dylan,Deveney,1688387
Demetrius Knight,Demetrius,Knight,1688389
Devin Ellison,Devin,Ellison,1688391
Tony Amerson,Tony,Amerson,1688393
Jamal Camp,Jamal,Camp,1688397
Zach Williamson,Zach,Williamson,1688399
Aidan Robbins,Aidan,Robbins,1688403
Akeem Dent,Akeem,Dent,1688409
Dontae Lucas,Dontae,Lucas,1688411
Tru Thompson,Tru,Thompson,1688413
Jaleel McRae,Jaleel,McRae,1688415
Kalen DeLoach,Kalen,DeLoach,1688417
Curtis Fann,Curtis,Fann,1688423
Derrick McLendon,Derrick,McLendon,1688425
Malcolm Ray,Malcolm,Ray,1688431
Renardo Green,Renardo,Green,1688433
Maurice Smith,Maurice,Smith,1688435
Jarvis Brownlee,Jarvis,Brownlee,1688437
Dorian Jones,Dorian,Jones,1688441
Jahfari Harvey,Jahfari,Harvey,1688443
Keontra Smith,Keontra,Smith,1688445
Jeremiah Payton,Jeremiah,Payton,1688449
Evan Conley,Evan,Conley,1688451
Jakai Clark,Jakai,Clark,1688479
Avery Huff,Avery,Huff,1688481
Cameron Williams,Cameron,Williams,1688483
Larry Hodges,Larry,Hodges,1688487
Te'Cory Couch,Te'Cory,Couch,1688489
Jalar Holley,Jalar,Holley,1688499
Samuel Brooks,Samuel,Brooks,1688501
Jason Blissett,Jason,Blissett,1688503
Sam Howell,Sam,Howell,1688505
Khafre Brown,Khafre,Brown,1688507
Zion Nelson,Zion,Nelson,1688509
Triston Miller,Triston,Miller,1688511
Adam ElGammal,Adam,ElGammal,1688513
Deandre Jules,Deandre,Jules,1692023
Calijah Kancey,Calijah,Kancey,1692025
Davis Beville,Davis,Beville,1692027
Bryce Nelms,Bryce,Nelms,1692029
Leslie Smith,Leslie,Smith,1692031
Nick Malone,Nick,Malone,1692033
Brandon George,Brandon,George,1692035
Brandon Hill,Brandon,Hill,1692037
Vincent Davis,Vincent,Davis,1692039
Bam Brima,Bam,Brima,1692041
Kyi Wright,Kyi,Wright,1692043
Jason Collier,Jason,Collier,1692045
Nate Temple,Nate,Temple,1692047
Jared Wayne,Jared,Wayne,1692049
Matthew Goncalves,Matthew,Goncalves,1692051
AJ Woods,AJ,Woods,1692053
Will Gipson,Will,Gipson,1692055
Daniel Carter,Daniel,Carter,1692057
Jalen Frazier,Jalen,Frazier,1692061
Chris Toudle,Chris,Toudle,1692063
Jaylon Scott,Jaylon,Scott,1692065
Jakeem Harris,Jakeem,Harris,1692069
Zonovan Knight,Zonovan,Knight,1692071
Drake Thomas,Drake,Thomas,1692073
Keyon Lesane,Keyon,Lesane,1692075
Dylan McMahon,Dylan,McMahon,1692077
Khalid Martin,Khalid,Martin,1692079
Ikem Ekwonu,Ikem,Ekwonu,1692083
Joshua Harris,Joshua,Harris,1692087
C J Clark,C J,Clark,1692089
Terrell Dawkins,Terrell,Dawkins,1692091
Shyheim Battle,Shyheim,Battle,1692093
Justin Olson,Justin,Olson,1692097
Ben Kiernan,Ben,Kiernan,1692099
Wyatt Tunall,Wyatt,Tunall,1692107
Drew Little,Drew,Little,1692109
Kristian Varner,Kristian,Varner,1692113
Savion Jackson,Savion,Jackson,1692115
Obi Egbuna,Obi,Egbuna,1692117
Tomari Fox,Tomari,Fox,1692119
Josh Henderson,Josh,Henderson,1692121
Emery Simmons,Emery,Simmons,1692123
Giovanni Biggers,Giovanni,Biggers,1692125
Welton Spottsville,Welton,Spottsville,1692127
Storm Duck,Storm,Duck,1692129
Khadry Jackson,Khadry,Jackson,1692131
Asim Richards,Asim,Richards,1692133
Kamari Morales,Kamari,Morales,1692135
Kevin Hester,Kevin,Hester,1692137
Luke Benson,Luke,Benson,1692241
Garrett Williams,Garrett,Williams,1692243
Anthony Red,Anthony,Red,1692245
Darius Tisdale,Darius,Tisdale,1692259
Ishmael Goulbourne,Ishmael,Goulbourne,1692261
Lee Kpogba,Lee,Kpogba,1692335
Mikel Jones,Mikel,Jones,1692337
Matthew Bergeron,Matthew,Bergeron,1692339
Jonathan Leech,Jonathan,Leech,1692345
Chayce Chalmers,Chayce,Chalmers,1692351
Ben Smiley,Ben,Smiley,1692355
Nick Jackson,Nick,Jackson,1692359
Dontayvion Wicks,Dontayvion,Wicks,1692361
Hunter Stewart,Hunter,Stewart,1692365
Ja quay Hubbard,Ja quay,Hubbard,1692369
Donavon Greene,Donavon,Greene,1692371
Courtney Jackson,Courtney,Jackson,1692375
Nick Gallo,Nick,Gallo,1692377
Geoff Cantin,Geoff,Cantin,1692379
Aman Greenwood,Aman,Greenwood,1692381
JR Walker,JR,Walker,1692383
Andrew Tuazama,Andrew,Tuazama,1692385
Jaden Payoute,Jaden,Payoute,1692387
Joe Rondi,Joe,Rondi,1692391
Cornelius Nunn,Cornelius,Nunn,1692393
Keshawn King,Keshawn,King,1692395
Tayvion Robinson,Tayvion,Robinson,1692399
Antonio Clary,Antonio,Clary,1692401
Bryan Hudson,Bryan,Hudson,1692403
Kariem Al Soufi,Kariem,Al Soufi,1692405
D'Sean Perry,D'Sean,Perry,1692407
Zachary Teter,Zachary,Teter,1692409
Dashawn Crawford,Dashawn,Crawford,1692411
Fentrell Cypress,Fentrell,Cypress,1692413
Josh Ahern,Josh,Ahern,1692415
Nathaniel Beal,Nathaniel,Beal,1692417
Nyquee Hawkins,Nyquee,Hawkins,1692419
Jesse Hanson,Jesse,Hanson,1692421
Tahj Gary,Tahj,Gary,1692431
Joshua Fuga,Joshua,Fuga,1692433
Mario Kendricks,Mario,Kendricks,1692435
Norell Pollard,Norell,Pollard,1692437
Amare Barno,Amare,Barno,1692439
Dean Ferguson,Dean,Ferguson,1692441
Brion Murray,Brion,Murray,1692443
Trey Rucker,Trey,Rucker,1692455
CJ Elmonus,CJ,Elmonus,1692457
Cameron Hite,Cameron,Hite,1692463
Shamar McCollum,Shamar,McCollum,1692465
Isaiah Chaney,Isaiah,Chaney,1692467
Chase Jones,Chase,Jones,1692471
Zach Ranson,Zach,Ranson,1692473
AJ Williams,AJ,Williams,1692475
Taylor Morin,Taylor,Morin,1692477
Jaylen Hudson,Jaylen,Hudson,1692479
Michael Kern,Michael,Kern,1692481
Ivan Mora,Ivan,Mora,1692483
Will Smart,Will,Smart,1692485
Justin Williams,Justin,Williams,1692487
Kenneth Walker,Kenneth,Walker,1692489
Antonio Alfano,Antonio,Alfano,1692755
Kevin Harris,Kevin,Harris,1692767
Darrell Simmons,Darrell,Simmons,1692827
Kym-Mani King,Kym-Mani,King,1692829
Vonzell Kelley,Vonzell,Kelley,1692833
D Shayne James,D Shayne,James,1692839
Virdel Edwards,Virdel,Edwards,1692865
Cam'Ron Kelly,Cam'Ron,Kelly,1692871
Aric Horne,Aric,Horne,1692879
Jake Remsburg,Jake,Remsburg,1692881
Ezeriah Anderson,Ezeriah,Anderson,1692883
Derrick Miller,Derrick,Miller,1692889
Darien Porter,Darien,Porter,1692895
Blake Peterson,Blake,Peterson,1692913
Breece Hall,Breece,Hall,1692915
Jirehl Brock,Jirehl,Brock,1692917
Easton Dean,Easton,Dean,1692919
Jarrod Hufford,Jarrod,Hufford,1692933
TJ Franklin,TJ,Franklin,1692935
Jonah White,Jonah,White,1692937
Blake Bedier,Blake,Bedier,1692949
Will Williams,Will,Williams,1692965
Brandon White,Brandon,White,1692971
Tyrone Brown,Tyrone,Brown,1692981
Matt Jones,Matt,Jones,1692985
Hakeem Vance,Hakeem,Vance,1692989
Gabriel Hall,Gabriel,Hall,1692993
Logan Compton,Logan,Compton,1692997
Noah Fenske,Noah,Fenske,1692999
Qualan Jones,Qualan,Jones,1693001
Jacob Zeno,Jacob,Zeno,1693005
Jaylen Ellis,Jaylen,Ellis,1693007
Finley Felix,Finley,Felix,1693615
Marcus Alexander,Marcus,Alexander,1693619
Marcus Hicks,Marcus,Hicks,1693621
Jaden Davis,Jaden,Davis,1693635
Jeremiah Criddell,Jeremiah,Criddell,1693649
Trejan Bridges,Trejan,Bridges,1693659
Jadon Haselwood,Jadon,Haselwood,1693663
Jermaine Johnson,Jermaine,Johnson,1693725
Makiya Tongue,Makiya,Tongue,1693733
Siaki Ika,Siaki,Ika,1694055
Kwabena Watson,Kwabena,Watson,1694277
Bobby Wolfe,Bobby,Wolfe,1694285
Chris Roland,Chris,Roland,1694287
Josh Donovan,Josh,Donovan,1694289
Timothy McKay,Timothy,McKay,1694291
Jordan Morgan,Jordan,Morgan,1694293
Sam Snyder,Sam,Snyder,1694295
Harrison White,Harrison,White,1694297
Jalen Johnson,Jalen,Johnson,1694303
Paiton Fears,Paiton,Fears,1694305
Orin Patu,Orin,Patu,1694365
Keon Markham,Keon,Markham,1694371
Ricky Pearsall,Ricky,Pearsall,1694377
Blake Antzoulatos,Blake,Antzoulatos,1694379
Jake Wiley,Jake,Wiley,1694383
Marvin Ham,Marvin,Ham,1694385
Naim Rodman,Naim,Rodman,1694387
Elijah Mojarro,Elijah,Mojarro,1694393
Brett Johnson,Brett,Johnson,1694395
LaDarius Henderson,LaDarius,Henderson,1694397
Jaren Mangham,Jaren,Mangham,1694399
Roman DeWys,Roman,DeWys,1694401
Austin Johnson,Austin,Johnson,1694403
Braxten Croteau,Braxten,Croteau,1694405
DeCarlos Brooks,DeCarlos,Brooks,1694407
Alec Pell,Alec,Pell,1694409
Alijah Bates,Alijah,Bates,1694411
Jeremiah Doss,Jeremiah,Doss,1694413
Ben Coleman,Ben,Coleman,1694415
Valentin Senn,Valentin,Senn,1694417
Jordan Clark,Jordan,Clark,1694419
KJ Trujillo,KJ,Trujillo,1694421
McKade Mettauer,McKade,Mettauer,1694423
Jordan Kerley,Jordan,Kerley,1694425
Austin Williams,Austin,Williams,1694431
Curley Young,Curley,Young,1694435
Joshia Davis,Joshia,Davis,1694437
Myles Jernigan,Myles,Jernigan,1694439
Mark Perry,Mark,Perry,1694441
Stephon Wright,Stephon,Wright,1694445
Jaylen Martin,Jaylen,Martin,1694447
Jayden Daniels,Jayden,Daniels,1694449
Amiri Johnson,Amiri,Johnson,1694451
Willie Harts,Willie,Harts,1694453
Joey Yellen,Joey,Yellen,1694455
Ben Scott,Ben,Scott,1694459
Connor Soelle,Connor,Soelle,1694461
Kejuan Markham,Kejuan,Markham,1694465
Ethan Long,Ethan,Long,1694467
Trevon Clark,Trevon,Clark,1694471
Dohnovan West,Dohnovan,West,1694475
Brian Driscoll,Brian,Driscoll,1694485
Ryan Puskas,Ryan,Puskas,1694487
Brayden Rohme,Brayden,Rohme,1694489
Makai Polk,Makai,Polk,1694491
Craig Woodson,Craig,Woodson,1694495
Michael Wiley,Michael,Wiley,1694505
Jaxen Turner,Jaxen,Turner,1694509
Myles Tapusoa,Myles,Tapusoa,1694511
Eddie Siaumau,Eddie,Siaumau,1694513
Kyle Ostendorp,Kyle,Ostendorp,1694515
Derrion Clark,Derrion,Clark,1694517
Ryan Franke,Ryan,Franke,1694797
Anthony Gould,Anthony,Gould,1694799
Wynston Russell,Wynston,Russell,1694801
Cory Stover,Cory,Stover,1694803
Evan Bennett,Evan,Bennett,1694805
Kelsen Hennessy,Kelsen,Hennessy,1694807
Michael Erhart,Michael,Erhart,1694809
James Rawls,James,Rawls,1694811
Robin Vanderlaan,Robin,Vanderlaan,1694813
Simon Sandberg,Simon,Sandberg,1694815
Alex Austin,Alex,Austin,1694817
Jacob Ferenczi,Jacob,Ferenczi,1694819
Jordan Whittley,Jordan,Whittley,1694821
Jojo Forest,Jojo,Forest,1694823
Taron Madison,Taron,Madison,1694825
Luke Musgrave,Luke,Musgrave,1694827
Omar Speights,Omar,Speights,1694829
Ali Jennings,Ali,Jennings,1694849
Nicktroy Fortune,Nicktroy,Fortune,1694851
Tony Mathis,Tony,Mathis,1694853
Jared Bartlett,Jared,Bartlett,1694855
Kolton McGhee,Kolton,McGhee,1694861
Donavan Beaver,Donavan,Beaver,1694863
Kerry Martin,Kerry,Martin,1694873
Luke McCaffrey,Luke,McCaffrey,1695295
Lance Dixon,Lance,Dixon,1695421
Brandon Dorlus,Brandon,Dorlus,1695545
Trikweze Bridges,Trikweze,Bridges,1695551
Patrick Herbert,Patrick,Herbert,1695561
Mase Funa,Mase,Funa,1695567
Sean Dollars,Sean,Dollars,1695571
Josh Delgado,Josh,Delgado,1695573
Malaesala Aumavae Laulu,Malaesala,Aumavae Laulu,1695579
Jarrian Jones,Jarrian,Jones,1695861
Garrett Shrader,Garrett,Shrader,1695873
Jerrod Means,Jerrod,Means,1696037
Curtis Appleton,Curtis,Appleton,1697161
Brandon Wellington,Brandon,Wellington,1697289
Benjamin Dunkleberger,Benjamin,Dunkleberger,1697457
Drew Joseph,Drew,Joseph,1697553
Daxton Byers,Daxton,Byers,1700327
Will Kuehne,Will,Kuehne,1700331
Mason Reid,Mason,Reid,1700333
Quinn Whitlock,Quinn,Whitlock,1700335
Ryan Henry,Ryan,Henry,1700381
Frederik Antoine,Frederik,Antoine,1700401
Will Brocchini,Will,Brocchini,1700421
Elijah Golston,Elijah,Golston,1700427
Braxton Collins,Braxton,Collins,1700453
Abel Isaac,Abel,Isaac,1700457
Harrell Blackmon,Harrell,Blackmon,1700461
Carson Ramos,Carson,Ramos,1700463
Cory Jackson,Cory,Jackson,1700465
R'Tarriun Johnson,R'Tarriun,Johnson,1700467
Teagan McDonald,Teagan,McDonald,1700469
Elonte Jones,Elonte,Jones,1700471
Brandon Smith,Brandon,Smith,1700473
Khadere Kounta,Khadere,Kounta,1700513
Brandon Ruff,Brandon,Ruff,1700515
Austin Mosier,Austin,Mosier,1700517
Tony Williams,Tony,Williams,1700519
Keshawn Wicks,Keshawn,Wicks,1700521
Hayden Wolff,Hayden,Wolff,1700523
Logan Holgorsen,Logan,Holgorsen,1700865
Taures Payne,Taures,Payne,1700893
Damarion Williams,Damarion,Williams,1700897
Demarcus Jones,Demarcus,Jones,1700927
De'Anthony Ball,De'Anthony,Ball,1700991
Tony Trabold,Tony,Trabold,1701501
Corry Thomas,Corry,Thomas,1701503
Tommy Wright-Hodges,Tommy,Wright-Hodges,1701507
Grant Trueman,Grant,Trueman,1701509
Kempton Shine,Kempton,Shine,1701555
Tyler Shaw,Tyler,Shaw,1701559
Mark Lee,Mark,Lee,1701563
Christopher Kaminski,Christopher,Kaminski,1701565
Noski LaFleur,Noski,LaFleur,1701567
Jimi McAdams,Jimi,McAdams,1701569
Kendric Nowling,Kendric,Nowling,1701571
Caleb Richwine,Caleb,Richwine,1701573
Alex Merritt,Alex,Merritt,1701575
William Racely,William,Racely,1701577
Richard Bates,Richard,Bates,1701581
Charles Brown,Charles,Brown,1701585
Broderick Jordan,Broderick,Jordan,1701607
Bryson Cannon,Bryson,Cannon,1701609
Noah Cameron,Noah,Cameron,1701651
Trey Benson,Trey,Benson,2006273
Robby Ashford,Robby,Ashford,2006277
Marcus Harper,Marcus,Harper,2006279
Jaylan Jeffers,Jaylan,Jeffers,2006313
Jayson Jones,Jayson,Jones,2006789
Chris Streveler,Chris,Streveler,2010885
Bryan Bresee,Bryan,Bresee,2011141
DJ Uiagalelei,DJ,Uiagalelei,2011143
Myles Murphy,Myles,Murphy,2011149
Trenton Simpson,Trenton,Simpson,2011167
E.J. Williams,E.J.,Williams,2011169
Demonte Capehart,Demonte,Capehart,2011175
Fred Davis,Fred,Davis,2011177
Tre Williams,Tre,Williams,2011181
Paul Tchio,Paul,Tchio,2011187
Walker Parks,Walker,Parks,2011191
Sergio Allen,Sergio,Allen,2011197
RJ Mickens,RJ,Mickens,2011201
Mitchell Mayes,Mitchell,Mayes,2011205
Malcolm Greene,Malcolm,Greene,2011209
Trent Howard,Trent,Howard,2011213
Kevin Swint,Kevin,Swint,2011215
Bryn Tucker,Bryn,Tucker,2011217
Tyler Venables,Tyler,Venables,2011221
Sage Ennis,Sage,Ennis,2011223
John Williams,John,Williams,2011225
Ajou Ajou,Ajou,Ajou,2011227
Addison Penn,Addison,Penn,2012057
Jaylen Stinson,Jaylen,Stinson,2012059
Da'Quan Johnson,Da'Quan,Johnson,2012065
Jontavis Robertson,Jontavis,Robertson,2012067
Matthew Rueve,Matthew,Rueve,2012073
Jiovanny Holmes,Jiovanny,Holmes,2012075
Dwayne Allick,Dwayne,Allick,2012077
Kameron Arnold,Kameron,Arnold,2012079
Kevin Pyne,Kevin,Pyne,2012081
Alex Peitsch,Alex,Peitsch,2013789
Rejzohn Wright,Rejzohn,Wright,2013969
Jay Brunelle,Jay,Brunelle,2013979
Alexander Ehrensberger,Alexander,Ehrensberger,2013981
Clarence Lewis,Clarence,Lewis,2013983
Ramon Henderson,Ramon,Henderson,2013987
Caleb Offord,Caleb,Offord,2013989
Aidan Keanaaina,Aidan,Keanaaina,2013997
Xavier Watts,Xavier,Watts,2013999
Kevin Bauman,Kevin,Bauman,2014001
Drew Pyne,Drew,Pyne,2014005
Michael Carmody,Michael,Carmody,2014007
Rylie Mills,Rylie,Mills,2014009
Jordan Botelho,Jordan,Botelho,2014011
Tosh Baker,Tosh,Baker,2014013
Michael Mayer,Michael,Mayer,2014023
Chris Tyree,Chris,Tyree,2014027
Jordan Johnson,Jordan,Johnson,2014031
Issiah Walker,Issiah,Walker,2031629
Chris Street,Chris,Street,2031717
Jeremiah Hunter,Jeremiah,Hunter,2031719
Collin Gamble,Collin,Gamble,2031721
Edward Woods,Edward,Woods,2031725
DJ Taylor,DJ,Taylor,2031727
Chad Johnson,Chad,Johnson,2031729
Will Shaffer,Will,Shaffer,2031731
Ryan Morgan,Ryan,Morgan,2031733
Shane Lemieux,Shane,Lemieux,2039945
Trevis Gipson,Trevis,Gipson,2039947
Chase Young,Chase,Young,2039949
Jordan Fuller,Jordan,Fuller,2039951
Steven Montez,Steven,Montez,2039957
Dalton Keene,Dalton,Keene,2039959
Jaylinn Hawkins,Jaylinn,Hawkins,2039961
Chris Jackson,Chris,Jackson,2039963
Josh Uche,Josh,Uche,2039965
Justin Herbert,Justin,Herbert,2039971
Raymond Calais,Raymond,Calais,2039977
Zack Baun,Zack,Baun,2039979
Logan Stenberg,Logan,Stenberg,2039981
Auzoyah Alufohai,Auzoyah,Alufohai,2039983
Khalil Davis,Khalil,Davis,2039985
Blake Ferguson,Blake,Ferguson,2039989
Zack Moss,Zack,Moss,2039991
Kamal Martin,Kamal,Martin,2039993
Jacob Eason,Jacob,Eason,2039995
Darrynton Evans,Darrynton,Evans,2040001
Jordyn Brooks,Jordyn,Brooks,2040011
Michael Ojemudia,Michael,Ojemudia,2040017
James Lynch,James,Lynch,2040021
Tae Crowder,Tae,Crowder,2040033
Jordan Love,Jordan,Love,2040035
Damien Lewis,Damien,Lewis,2040041
Jason Strowbridge,Jason,Strowbridge,2040045
Rashad Smith,Rashad,Smith,2040051
James Morgan,James,Morgan,2040053
AJ Dillon,AJ,Dillon,2040055
Dalton Schoen,Dalton,Schoen,2040059
Kristian Fulton,Kristian,Fulton,2040061
Jalen Hurts,Jalen,Hurts,2040065
De'Jon Harris,De'Jon,Harris,2040067
Robert Hunt,Robert,Hunt,2040071
Yetur Gross-Matos,Yetur,Gross-Matos,2040073
Jonathan Garvin,Jonathan,Garvin,2040077
Justin Herron,Justin,Herron,2040079
Sam Sloman,Sam,Sloman,2040083
Daniel Thomas,Daniel,Thomas,2040085
Collin Johnson,Collin,Johnson,2040087
Jon Runyan,Jon,Runyan,2040089
Jeff Gladney,Jeff,Gladney,2040091
Javon Kinlaw,Javon,Kinlaw,2040103
Kamren Curl,Kamren,Curl,2040105
Damon Arnette,Damon,Arnette,2040109
Colby Parkinson,Colby,Parkinson,2040111
Reggie Robinson,Reggie,Robinson,2040113
K.J. Hill,K.J.,Hill,2040115
Kenneth Murray,Kenneth,Murray,2040117
Markus Bailey,Markus,Bailey,2040119
Malik Harrison,Malik,Harrison,2040123
Isaiah Simmons,Isaiah,Simmons,2040125
CJ Henderson,CJ,Henderson,2040127
Ke'Shawn Vaughn,Ke'Shawn,Vaughn,2040131
Josiah Scott,Josiah,Scott,2040133
Cameron Clark,Cameron,Clark,2040135
Eno Benjamin,Eno,Benjamin,2040139
Jason Huntley,Jason,Huntley,2040141
Dane Jackson,Dane,Jackson,2040145
Darnell Mooney,Darnell,Mooney,2040149
Luke Juriga,Luke,Juriga,2040151
Isaiah Zuber,Isaiah,Zuber,2040153
Dezmon Patmon,Dezmon,Patmon,2040155
Tommy Townsend,Tommy,Townsend,2040157
Arlington Hambright,Arlington,Hambright,2040159
Carlos Davis,Carlos,Davis,2040161
Kyle Murphy,Kyle,Murphy,2040163
Cesar Ruiz,Cesar,Ruiz,2040167
Jake Luton,Jake,Luton,2040173
L'Jarius Sneed,L'Jarius,Sneed,2040181
J.K. Dobbins,J.K.,Dobbins,2040183
Cam Brown,Cam,Brown,2040187
Ja'Marcus Bradley,Ja'Marcus,Bradley,2040191
KJ Hamler,KJ,Hamler,2040193
Harrison Hand,Harrison,Hand,2040195
Devin Duvernay,Devin,Duvernay,2040197
DaVon Hamilton,DaVon,Hamilton,2040199
John Simpson,John,Simpson,2040201
Cameron Gill,Cameron,Gill,2040203
Rodney Smith,Rodney,Smith,2040205
George Fotu,George,Fotu,2040207
Davion Taylor,Davion,Taylor,2040211
Donovan Peoples-Jones,Donovan,Peoples-Jones,2040213
Jacob Phillips,Jacob,Phillips,2040215
Nick Harris,Nick,Harris,2040217
Patrick Queen,Patrick,Queen,2040221
Lynn Bowden,Lynn,Bowden,2040225
Lamical Perine,Lamical,Perine,2040229
Essang Bassey,Essang,Bassey,2040231
Laviska Shenault,Laviska,Shenault,2040233
James Pierre,James,Pierre,2040235
Isaiah Wilson,Isaiah,Wilson,2040237
Matt Hennessy,Matt,Hennessy,2040241
Niko Lalos,Niko,Lalos,2040243
D'Andre Swift,D'Andre,Swift,2040245
Clyde Edwards-Helaire,Clyde,Edwards-Helaire,2040247
Kenny Robinson,Kenny,Robinson,2040251
Benito Jones,Benito,Jones,2040253
Harrison Bryant,Harrison,Bryant,2040255
Amik Robertson,Amik,Robertson,2040257
Jaylon Johnson,Jaylon,Johnson,2040259
Cameron Dantzler,Cameron,Dantzler,2040261
Terrell Lewis,Terrell,Lewis,2040267
Ross Blacklock,Ross,Blacklock,2040271
Jalen Reagor,Jalen,Reagor,2040273
Ben Bredeson,Ben,Bredeson,2040275
Albert Okwuegbunam,Albert,Okwuegbunam,2040279
Lavert Hill,Lavert,Hill,2040281
A.J. Epenesa,A.J.,Epenesa,2040285
Stephen Sullivan,Stephen,Sullivan,2040287
Isaiah Coulter,Isaiah,Coulter,2040289
Geno Stone,Geno,Stone,2040291
Josh Jones,Josh,Jones,2040295
Anfernee Jennings,Anfernee,Jennings,2040297
Michael Pittman,Michael,Pittman,2040299
Marquez Callaway,Marquez,Callaway,2040301
Sterling Hofrichter,Sterling,Hofrichter,2040305
Cassh Maluia,Cassh,Maluia,2040307
Tommy Stevens,Tommy,Stevens,2040311
Marlon Davidson,Marlon,Davidson,2040313
Tremayne Anchrum,Tremayne,Anchrum,2040315
Raequan Williams,Raequan,Williams,2040317
Ashtyn Davis,Ashtyn,Davis,2040319
CeeDee Lamb,CeeDee,Lamb,2040323
Tua Tagovailoa,Tua,Tagovailoa,2040325
Antoine Winfield,Antoine,Winfield,2040329
Raekwon Davis,Raekwon,Davis,2040337
K.J. Osborn,K.J.,Osborn,2040339
Julian Okwara,Julian,Okwara,2040341
Keith Ismael,Keith,Ismael,2040345
Ron'Dell Carter,Ron'Dell,Carter,2040349
Logan Wilson,Logan,Wilson,2040351
Tristan Wirfs,Tristan,Wirfs,2040357
James Proche,James,Proche,2040359
Khalid Kareem,Khalid,Kareem,2040361
Larrell Murchison,Larrell,Murchison,2040363
Joe Bachie,Joe,Bachie,2040365
Lamar Jackson,Lamar,Jackson,2040367
Colton McKivitz,Colton,McKivitz,2040369
Darrion Daniels,Darrion,Daniels,2040371
Tyrie Cleveland,Tyrie,Cleveland,2040375
Gabriel Davis,Gabriel,Davis,2040377
Jack Driscoll,Jack,Driscoll,2040379
Simon Stepaniak,Simon,Stepaniak,2040383
Jordan Elliott,Jordan,Elliott,2040387
Tyler Johnson,Tyler,Johnson,2040393
Shaquille Quarterman,Shaquille,Quarterman,2040395
K'Von Wallace,K'Von,Wallace,2040397
Jedrick Wills,Jedrick,Wills,2040399
Alohi Gilman,Alohi,Gilman,2040403
Dan Chisena,Dan,Chisena,2040407
Donell Stanley,Donell,Stanley,2040411
Tyler Davis,Tyler,Davis,2040413
Brandon Jones,Brandon,Jones,2040421
Sam Tecklenburg,Sam,Tecklenburg,2040425
Justin Jefferson,Justin,Jefferson,2040427
Troy Dye,Troy,Dye,2040431
John Penisini,John,Penisini,2040435
Kyle Markway,Kyle,Markway,2040437
Mykal Walker,Mykal,Walker,2040439
Trishton Jackson,Trishton,Jackson,2040441
Madre Harper,Madre,Harper,2040445
Clay Johnston,Clay,Johnston,2040451
Tyler Bass,Tyler,Bass,2040453
Bryan Edwards,Bryan,Edwards,2040455
Cedrick Lattimore,Cedrick,Lattimore,2040457
K'Lavon Chaisson,K'Lavon,Chaisson,2040459
Quez Watkins,Quez,Watkins,2040461
Troy Pride,Troy,Pride,2040463
Bravvion Roy,Bravvion,Roy,2040467
Rodrigo Blankenship,Rodrigo,Blankenship,2040471
Dom Maggio,Dom,Maggio,2040475
Charlie Woerner,Charlie,Woerner,2040477
Bopete Keyes,Bopete,Keyes,2040479
Julian Blackmon,Julian,Blackmon,2040485
Michael Onwenu,Michael,Onwenu,2040487
Juwan Johnson,Juwan,Johnson,2040489
Denzel Mims,Denzel,Mims,2040491
Freddie Swain,Freddie,Swain,2040493
James Robinson,James,Robinson,2040497
Antonio Gandy-Golden,Antonio,Gandy-Golden,2040501
Henry Ruggs,Henry,Ruggs,2040505
Kevin Dotson,Kevin,Dotson,2040507
Austin Jackson,Austin,Jackson,2040509
Jonathan Taylor,Jonathan,Taylor,2040511
Tee Higgins,Tee,Higgins,2040513
Devin Asiasi,Devin,Asiasi,2040515
Charlie Heck,Charlie,Heck,2040517
Neville Gallimore,Neville,Gallimore,2040519
John Hightower,John,Hightower,2040525
Khaleke Hudson,Khaleke,Hudson,2040527
Cole Kmet,Cole,Kmet,2040529
Aaron Brewer,Aaron,Brewer,2040531
Kendall Hinton,Kendall,Hinton,2040533
Joe Reed,Joe,Reed,2040537
Lloyd Cushenberry,Lloyd,Cushenberry,2040539
Kyle Dugger,Kyle,Dugger,2040541
McTelvin Agim,McTelvin,Agim,2040543
Shaun Bradley,Shaun,Bradley,2040545
Chapelle Russell,Chapelle,Russell,2040547
Noah Igbinoghene,Noah,Igbinoghene,2040555
Quintez Cephus,Quintez,Cephus,2040557
Tyshun Render,Tyshun,Render,2040559
Darnay Holmes,Darnay,Holmes,2040567
Hakeem Adeniji,Hakeem,Adeniji,2040575
Cam Akers,Cam,Akers,2040577
Brandon Aiyuk,Brandon,Aiyuk,2040579
Jeff Okudah,Jeff,Okudah,2040583
Antonio Gibson,Antonio,Gibson,2040587
Cole McDonald,Cole,McDonald,2040589
Myles Bryant,Myles,Bryant,2040591
Jonathan Greenard,Jonathan,Greenard,2040593
Adam Trautman,Adam,Trautman,2040599
Brycen Hopkins,Brycen,Hopkins,2040601
Solomon Kindley,Solomon,Kindley,2040603
Andrew Thomas,Andrew,Thomas,2040607
Joshua Kelley,Joshua,Kelley,2040609
Jonah Jackson,Jonah,Jackson,2040611
Alex Highsmith,Alex,Highsmith,2040613
Braden Mann,Braden,Mann,2040617
Jabari Zuniga,Jabari,Zuniga,2040619
Jordan Glasgow,Jordan,Glasgow,2040623
Netane Muti,Netane,Muti,2040627
Tyre Phillips,Tyre,Phillips,2040629
Willie Gay,Willie,Gay,2040637
Carter Coughlin,Carter,Coughlin,2040639
Mekhi Becton,Mekhi,Becton,2040641
John Reid,John,Reid,2040647
Lachavious Simmons,Lachavious,Simmons,2040649
Mike Panasiuk,Mike,Panasiuk,2040653
Kindle Vildor,Kindle,Vildor,2040655
Breiden Fehoko,Breiden,Fehoko,2040657
A.J. Terrell,A.J.,Terrell,2040663
Jerry Jeudy,Jerry,Jeudy,2040665
Stantley Thomas-Oliver,Stantley,Thomas-Oliver,2040667
Akeem Davis-Gaither,Akeem,Davis-Gaither,2040669
Blake Lynch,Blake,Lynch,2040673
Justin Madubuike,Justin,Madubuike,2040675
Xavier McKinney,Xavier,McKinney,2040681
Derrick Brown,Derrick,Brown,2040683
Jeremy Chinn,Jeremy,Chinn,2040685
Omari Cobb,Omari,Cobb,2040687
Rashard Lawrence,Rashard,Lawrence,2040689
Ben Bartch,Ben,Bartch,2040691
Ezra Cleveland,Ezra,Cleveland,2040695
Chase Claypool,Chase,Claypool,2040697
Robert Windsor,Robert,Windsor,2040707
Tyler Biadasz,Tyler,Biadasz,2042665
Michael Danna,Michael,Danna,2042667
Derrek Tuszka,Derrek,Tuszka,2045381
Casey Toohill,Casey,Toohill,2045387
James Smith-Williams,James,Smith-Williams,2045389
Kobe Pace,Kobe,Pace,2047747
Hunter Helms,Hunter,Helms,2047749
Bubba McAtee,Bubba,McAtee,2047751
Will Blackston,Will,Blackston,2047753
Will Boggs,Will,Boggs,2047755
Cole Neuber,Cole,Neuber,2047969
Luke Moseley,Luke,Moseley,2047971
Jahmyr Gibbs,Jahmyr,Gibbs,2047973
Cade Kootsouradis,Cade,Kootsouradis,2047975
Steven Verdisco,Steven,Verdisco,2047977
Will Milan,Will,Milan,2047979
Daylin McLemore,Daylin,McLemore,2048767
Kristian Wilkerson,Kristian,Wilkerson,2051053
Aaron Crawford,Aaron,Crawford,2053023
Jonathan Ward,Jonathan,Ward,2053027
Darius Anderson,Darius,Anderson,2054001
Caydan Keeler,Caydan,Keeler,2054543
Jordan Dempsey,Jordan,Dempsey,2054549
Owen Chafin,Owen,Chafin,2054551
Matt Cavallaro,Matt,Cavallaro,2054553
JaCobian Morgan,JaCobian,Morgan,2056049
Anwar Sparrow,Anwar,Sparrow,2056051
Abrahim Kenneh,Abrahim,Kenneh,2056117
Dillon Markiewicz,Dillon,Markiewicz,2056121
Chase Atkinson,Chase,Atkinson,2056125
Ja'Had Carter,Ja'Had,Carter,2056129
Matthew Taylor,Matthew,Taylor,2056135
Jackson Treister,Jackson,Treister,2056141
Jacob Kraft,Jacob,Kraft,2056143
Darius Bryan,Darius,Bryan,2056145
Teon Smith,Teon,Smith,2056161
Andrew Landry,Andrew,Landry,2056167
Tommy Birmingham,Tommy,Birmingham,2056169
Joe Marinaro,Joe,Marinaro,2056171
Kevin Cline,Kevin,Cline,2056173
Will Prouty,Will,Prouty,2056175
Nick Bearup,Nick,Bearup,2056177
Bryce Boland,Bryce,Boland,2056809
Victor Obi,Victor,Obi,2056811
Anthony Smith,Anthony,Smith,2057637
Tyler Moen,Tyler,Moen,2057639
Seth Greiner,Seth,Greiner,2057645
Hayes Gibson,Hayes,Gibson,2057653
DeShawn Hanika,DeShawn,Hanika,2057657
Nick Lawler,Nick,Lawler,2057659
Kade Lynott,Kade,Lynott,2057667
Stevo Klotz,Stevo,Klotz,2057669
Jack Hester,Jack,Hester,2057673
Joe Lilienthal,Joe,Lilienthal,2057675
Keyshawn Smith,Keyshawn,Smith,2059147
Joseph Charlton,Joseph,Charlton,2059379