Canonical Name,Betradar ID,Betradar Name
South Carolina Gamecocks,4278,South Carolina Gamecocks
Boise State Broncos,4279,Boise State Broncos
Southern Miss Golden Eagles,4280,Southern Miss Golden Eagles
Oklahoma State Cowboys,4281,Oklahoma State Cowboys
Nebraska Cornhuskers,4282,Nebraska Cornhuskers
Troy Trojans,4283,Troy Trojans
Lsu Tigers,4284,Lsu Tigers
Tulane Green Wave,4285,Tulane Green Wave
Penn State Nittany Lions,4286,Penn State Nittany Lions
Miami Dolphins,4287,Miami Dolphins
Boston College Eagles,4288,Boston College Eagles
West Virginia Mountaineers,4289,West Virginia Mountaineers
Usc Trojans,4290,Usc Trojans
San Jose State Spartans,4291,San Jose State Spartans
California Golden Bears,4292,California Golden Bears
Illinois Fighting Illini,4293,Illinois Fighting Illini
Auburn Tigers,4294,Auburn Tigers
Ball State Cardinals,4295,Ball State Cardinals
Duke Blue Devils,4296,Duke Blue Devils
Florida State Seminoles,4297,Florida State Seminoles
Fresno State Bulldogs,4298,Fresno State Bulldogs
Oregon State Beavers,4299,Oregon State Beavers
Utah State Aggies,4300,Utah State Aggies
Wisconsin Badgers,4301,Wisconsin Badgers
North Texas Mean Green,4302,North Texas Mean Green
Tcu Horned Frogs,4303,Tcu Horned Frogs
Louisiana Tech Bulldogs,4304,Louisiana Tech Bulldogs
Smu Mustangs,4305,Smu Mustangs
Maryland Terrapins,4306,Maryland Terrapins
North Carolina Tar Heels,4307,North Carolina Tar Heels
Ucf Knights,4309,Ucf Knights
Michigan Wolverines,4310,Michigan Wolverines
Miami Redhawks,4311,Miami Redhawks
Alabama Crimson Tide,4312,Alabama Crimson Tide
Ucla Bruins,4313,Ucla Bruins
Missouri Tigers,4314,Missouri Tigers
Bowling Green Falcons,4315,Bowling Green Falcons
Cincinnati Bearcats,4316,Cincinnati Bearcats
Purdue Boilermakers,4317,Purdue Boilermakers
Mississippi State Bulldogs,4318,Mississippi State Bulldogs
Memphis Tigers,4319,Memphis Tigers
Georgia Tech Yellow Jackets,4320,Georgia Tech Yellow Jackets
Arkansas State Red Wolves,4321,Arkansas State Red Wolves
Iowa Hawkeyes,4322,Iowa Hawkeyes
Kent State Golden Flashes,4323,Kent State Golden Flashes
Houston Texans,4324,Houston Texans
Rice Owls,4325,Rice Owls
East Carolina Pirates,4326,East Carolina Pirates
Wake Forest Demon Deacons,4327,Wake Forest Demon Deacons
Tennessee Volunteers,4328,Tennessee Volunteers
Syracuse Orange,4329,Syracuse Orange
Byu Cougars,4330,Byu Cougars
Nevada Wolf Pack,4331,Nevada Wolf Pack
Texas Longhorns,4332,Texas Longhorns
New Mexico State Aggies,4333,New Mexico State Aggies
Air Force Falcons,4334,Air Force Falcons
Louisville Cardinals,4335,Louisville Cardinals
Virginia Tech Hokies,4336,Virginia Tech Hokies
Marshall Thundering Herd,4337,Marshall Thundering Herd
Michigan State Spartans,4338,Michigan State Spartans
Central Michigan Chippewas,4339,Central Michigan Chippewas
Navy Midshipmen,4340,Navy Midshipmen
Colorado State Rams,4341,Colorado State Rams
Kansas State Wildcats,4342,Kansas State Wildcats
Arizona Wildcats,4343,Arizona Wildcats
Idaho Vandals,4344,Idaho Vandals
Pittsburgh Steelers,4345,Pittsburgh Steelers
South Florida Bulls,4346,South Florida Bulls
Wyoming Cowboys,4347,Wyoming Cowboys
Texas AM Aggies,4348,Texas AM Aggies
Eastern Michigan Eagles,4349,Eastern Michigan Eagles
Ohio Bobcats,4350,Ohio Bobcats
Army Black Knights,4351,Army Black Knights
Ohio State Buckeyes,4352,Ohio State Buckeyes
Akron Zips,4353,Akron Zips
Rutgers Scarlet Knights,4354,Rutgers Scarlet Knights
Northern Illinois Huskies,4355,Northern Illinois Huskies
Western Michigan Broncos,4356,Western Michigan Broncos
Texas Tech Red Raiders,4357,Texas Tech Red Raiders
Washington State Cougars,4358,Washington State Cougars
Baylor Bears,4359,Baylor Bears
Middle Tennessee Blue Raiders,4360,Middle Tennessee Blue Raiders
Temple Owls,4361,Temple Owls
Toledo Rockets,4362,Toledo Rockets
San Diego State Aztecs,4363,San Diego State Aztecs
Louisiana Lafayette Ragin Cajuns,4364,Louisiana Lafayette Ragin Cajuns
Louisiana Monroe Warhawks,4365,Louisiana Monroe Warhawks
Northwestern Wildcats,4366,Northwestern Wildcats
Utep Miners,4367,Utep Miners
North Carolina State Wolfpack,4368,North Carolina State Wolfpack
Kansas Jayhawks,4369,Kansas Jayhawks
Washington Huskies,4370,Washington Huskies
Hawaii Rainbow Warriors,4371,Hawaii Rainbow Warriors
Notre Dame Fighting Irish,4372,Notre Dame Fighting Irish
Tulsa Golden Hurricane,4373,Tulsa Golden Hurricane
Iowa State Cyclones,4374,Iowa State Cyclones
Indiana Hoosiers,4375,Indiana Hoosiers
Buffalo Bills,4376,Buffalo Bills
Uab Blazers,4377,Uab Blazers
Unlv Rebels,4378,Unlv Rebels
Stanford Cardinal,4379,Stanford Cardinal
Arizona State Sun Devils,4380,Arizona State Sun Devils
Minnesota Golden Gophers,4381,Minnesota Golden Gophers
Connecticut Huskies,4382,Connecticut Huskies
Vanderbilt Commodores,4383,Vanderbilt Commodores
New Mexico Lobos,4384,New Mexico Lobos
Ole Miss Rebels,4385,Ole Miss Rebels
Jacksonville Jaguars,4386,Jacksonville Jaguars
Los Angeles Rams,4387,Los Angeles Rams
Tampa Bay Buccaneers,4388,Tampa Bay Buccaneers
San Francisco 49Ers,4389,San Francisco 49Ers
Las Vegas Raiders,4390,Las Vegas Raiders
Chicago Bears,4391,Chicago Bears
Dallas Cowboys,4392,Dallas Cowboys
Atlanta Falcons,4393,Atlanta Falcons
Arizona Cardinals,4412,Arizona Cardinals
Baltimore Ravens,4413,Baltimore Ravens
Carolina Panthers,4415,Carolina Panthers
Cincinnati Bengals,4416,Cincinnati Bengals
Cleveland Browns,4417,Cleveland Browns
Denver Broncos,4418,Denver Broncos
Detroit Lions,4419,Detroit Lions
Green Bay Packers,4420,Green Bay Packers
Indianapolis Colts,4421,Indianapolis Colts
Kansas City Chiefs,4422,Kansas City Chiefs
Minnesota Vikings,4423,Minnesota Vikings
New England Patriots,4424,New England Patriots
New Orleans Saints,4425,New Orleans Saints
New York Giants,4426,New York Giants
New York Jets,4427,New York Jets
Philadelphia Eagles,4428,Philadelphia Eagles
Los Angeles Chargers,4429,Los Angeles Chargers
Seattle Seahawks,4430,Seattle Seahawks
Washington Football Team,4432,Washington Football Team
Calgary Stampeders,4433,Calgary Stampeders
Edmonton Eskimos,4434,Edmonton Eskimos
Winnipeg Blue Bombers,4435,Winnipeg Blue Bombers
Toronto Argonauts,4436,Toronto Argonauts
Ottawa Redblacks,4437,Ottawa Redblacks
Saskatchewan Roughriders,4438,Saskatchewan Roughriders
Montreal Alouettes,4439,Montreal Alouettes
British Columbia Lions,4440,British Columbia Lions
Hamilton Tiger-Cats,4441,Hamilton Tiger-Cats
Coastal Carolina Chanticleers,46392,Coastal Carolina Chanticleers
Western Illinois Leathernecks,46393,Western Illinois Leathernecks
Georgia Southern Eagles,46394,Georgia Southern Eagles
South Carolina State Bulldogs,46395,South Carolina State Bulldogs
North Dakota State Bison,46396,North Dakota State Bison
Robert Morris Colonials,46397,Robert Morris Colonials
Northern Iowa Panthers,46398,Northern Iowa Panthers
Lehigh Mountain Hawks,46399,Lehigh Mountain Hawks
Jacksonville State Gamecocks,46485,Jacksonville State Gamecocks
Wofford Terriers,46486,Wofford Terriers
Bethune Cookman Wildcats,46487,Bethune Cookman Wildcats
New Hampshire Wildcats,46488,New Hampshire Wildcats
Stephen F Austin Lumberjacks,46489,Stephen F Austin Lumberjacks
Villanova Wildcats,46490,Villanova Wildcats
Eastern Washington Eagles,46494,Eastern Washington Eagles
Southeast Missouri State Redhawks,46495,Southeast Missouri State Redhawks
Appalachian State Mountaineers,46642,Appalachian State Mountaineers
Delaware Fightin Blue Hens,46643,Delaware Fightin Blue Hens
William And Mary Tribe,46644,William And Mary Tribe
Montana State Bobcats,46645,Montana State Bobcats
Utah Utes,47352,Utah Utes
Fiu Panthers,47353,Fiu Panthers
Miami Hurricanes,47357,Miami Hurricanes
Georgia Bulldogs,47358,Georgia Bulldogs
Florida Gators,47359,Florida Gators
Oklahoma Sooners,47360,Oklahoma Sooners
Arkansas Razorbacks,47361,Arkansas Razorbacks
Pittsburgh Panthers,47362,Pittsburgh Panthers
Kentucky Wildcats,47363,Kentucky Wildcats
Oregon Ducks,47372,Oregon Ducks
Virginia Cavaliers,61356,Virginia Cavaliers
Montana Grizzlies,61360,Montana Grizzlies
Sam Houston State Bearkats,61362,Sam Houston State Bearkats
Maine Black Bears,61364,Maine Black Bears
Wagner Seahawks,85209,Wagner Seahawks
Colgate Raiders,85211,Colgate Raiders
South Dakota State Jackrabbits,85213,South Dakota State Jackrabbits
Eastern Illinois Panthers,85215,Eastern Illinois Panthers
Stony Brook Seawolves,85217,Stony Brook Seawolves
Central Arkansas Bears,85565,Central Arkansas Bears
Old Dominion Monarchs,85567,Old Dominion Monarchs
Cal Poly Mustangs,85569,Cal Poly Mustangs
Illinois State Redbirds,85571,Illinois State Redbirds
Western Kentucky Hilltoppers,86009,Western Kentucky Hilltoppers
South Team,89048,South Team
North Team,89050,North Team
South Alabama Jaguars,230948,South Alabama Jaguars
Umass Minutemen,234264,Umass Minutemen
Colorado Buffaloes,234266,Colorado Buffaloes
Western Carolina Catamounts,234268,Western Carolina Catamounts
Alabama AM Bulldogs,234270,Alabama AM Bulldogs
Texas State Bobcats,234272,Texas State Bobcats
Georgia State Panthers,234274,Georgia State Panthers
Charlotte 49Ers,234276,Charlotte 49Ers
Ut San Antonio Roadrunners,234278,Ut San Antonio Roadrunners
Florida Atlantic Owls,234280,Florida Atlantic Owls
Citadel Bulldogs,235280,Citadel Bulldogs
Chattanooga Mocs,235282,Chattanooga Mocs
Charleston Southern Buccaneers,235284,Charleston Southern Buccaneers
Dayton Flyers,236588,Dayton Flyers
Fordham Rams,236590,Fordham Rams
Southern Utah Thunderbirds,236592,Southern Utah Thunderbirds
Duquesne Dukes,236594,Duquesne Dukes
Richmond Spiders,236870,Richmond Spiders
James Madison Dukes,236872,James Madison Dukes
Mcneese State Cowboys,236874,Mcneese State Cowboys
Portland State Vikings,236876,Portland State Vikings
Weber State Wildcats,281191,Weber State Wildcats
South Dakota Coyotes,281193,South Dakota Coyotes
Jackson State Tigers,281195,Jackson State Tigers
Mississippi Valley State Delta Devils,281197,Mississippi Valley State Delta Devils
Albany Great Danes,281199,Albany Great Danes
Furman Paladins,281201,Furman Paladins
Northwestern State Demons,281203,Northwestern State Demons
Eastern Kentucky Colonels,281205,Eastern Kentucky Colonels
Howard Bison,281207,Howard Bison
Liberty Flames,281209,Liberty Flames
Murray State Racers,281211,Murray State Racers
Southeastern Louisiana Lions,281213,Southeastern Louisiana Lions
UC Davis Aggies,281215,UC Davis Aggies
North Carolina Central Eagles,281217,North Carolina Central Eagles
Florida AM Rattlers,281219,Florida AM Rattlers
Rhode Island Rams,281221,Rhode Island Rams
Towson Tigers,281223,Towson Tigers
Northern Arizona Lumberjacks,281225,Northern Arizona Lumberjacks
Nicholls State Colonels,281677,Nicholls State Colonels
Lamar Cardinals,281679,Lamar Cardinals
Indiana State Sycamores,281681,Indiana State Sycamores
Youngstown State Penguins,281683,Youngstown State Penguins
Prairie View AM Panthers,281685,Prairie View AM Panthers
Mercer Bears,281687,Mercer Bears
North Dakota Fighting Hawks,281689,North Dakota Fighting Hawks
Idaho State Bengals,281691,Idaho State Bengals
North Carolina At Aggies,281693,North Carolina At Aggies
Southern Jaguars,281695,Southern Jaguars
Grambling State Tigers,281697,Grambling State Tigers
Delaware State Hornets,284631,Delaware State Hornets
Gardner Webb Runnin Bulldogs,284633,Gardner Webb Runnin Bulldogs
Missouri State Bears,284635,Missouri State Bears
Alcorn State Braves,284637,Alcorn State Braves
Incarnate Word Cardinals,284639,Incarnate Word Cardinals
Houston Baptist Huskies,284641,Houston Baptist Huskies
Lafayette Leopards,289833,Lafayette Leopards
Samford Bulldogs,293242,Samford Bulldogs
Ut Martin Skyhawks,293244,Ut Martin Skyhawks
Tennessee State Tigers,293246,Tennessee State Tigers
Tennessee Tech Golden Eagles,295142,Tennessee Tech Golden Eagles
Bryant Bulldogs,296740,Bryant Bulldogs
Morgan State Bears,296742,Morgan State Bears
Presbyterian Blue Hose,296744,Presbyterian Blue Hose
Austin Peay State Governors,296746,Austin Peay State Governors
San Diego Toreros,302092,San Diego Toreros
Mary Hardin Baylor Crusaders,306430,Mary Hardin Baylor Crusaders
Uw Oshkosh Titans,306432,Uw Oshkosh Titans
Northwest Missouri State Bearcats,306434,Northwest Missouri State Bearcats
North Alabama Lions,306436,North Alabama Lions
American Team,311268,American Team
National Team,311270,National Team
West Shrine,311272,West Shrine
East Shrine,311274,East Shrine
Savannah State Tigers,346036,Savannah State Tigers
Yale Bulldogs,346164,Yale Bulldogs
Columbia Lions,346314,Columbia Lions
Vmi Keydets,346338,Vmi Keydets
Morehead State Eagles,346376,Morehead State Eagles
Princeton Tigers,346388,Princeton Tigers
Monmouth Hawks,346568,Monmouth Hawks
Elon Phoenix,346638,Elon Phoenix
Stetson Hatters,346648,Stetson Hatters
Holy Cross Crusaders,346670,Holy Cross Crusaders
Marist Red Foxes,346766,Marist Red Foxes
Cornell Big Red,346770,Cornell Big Red
Davidson Wildcats,346828,Davidson Wildcats
Saint Francis Red Flash,346862,Saint Francis Red Flash
Northern Colorado Bears,346972,Northern Colorado Bears
Sacramento State Hornets,347056,Sacramento State Hornets
Valparaiso Crusaders,347066,Valparaiso Crusaders
Hofstra Pride,347188,Hofstra Pride
Harvard Crimson,347198,Harvard Crimson
Southern Illinois Salukis,347240,Southern Illinois Salukis
Abilene Christian Wildcats,347284,Abilene Christian Wildcats
Arkansas Pine Bluff Golden Lions,347308,Arkansas Pine Bluff Golden Lions
Butler Bulldogs,347314,Butler Bulldogs
Drake Bulldogs,347322,Drake Bulldogs
Sacred Heart Pioneers,347324,Sacred Heart Pioneers
Bucknell Bison,347332,Bucknell Bison
Georgetown Hoyas,347348,Georgetown Hoyas
Dartmouth Big Green,347386,Dartmouth Big Green
Brown Bears,347404,Brown Bears
Hampton Pirates,347412,Hampton Pirates
Kennesaw State Owls,347420,Kennesaw State Owls
Pennsylvania Quakers,347422,Pennsylvania Quakers
Norfolk State Spartans,347462,Norfolk State Spartans
Alabama State Hornets,347472,Alabama State Hornets
Central Connecticut Blue Devils,347486,Central Connecticut Blue Devils
Jacksonville Dolphins,347506,Jacksonville Dolphins
Bacone Warriors,347936,Bacone Warriors
College of Idaho Yotes,347940,College of Idaho Yotes
Guilford Quakers,347942,Guilford Quakers
Johnson C Smith Golden Bulls,347944,Johnson C Smith Golden Bulls
Livingstone Blue Bears,347946,Livingstone Blue Bears
Lock Haven University Bald Eagles,347948,Lock Haven University Bald Eagles
Methodist Monarchs,347950,Methodist Monarchs
Montana-Western Bulldogs,347952,Montana-Western Bulldogs
Southwestern College Moundbuilders,347954,Southwestern College Moundbuilders
Trinity International Trojans,347956,Trinity International Trojans
Virginia Lynchburg Dragons,347958,Virginia Lynchburg Dragons
Virginia State Trojans,347960,Virginia State Trojans
Walsh Cavaliers,347962,Walsh Cavaliers
Newberry Wolves,353076,Newberry Wolves
Clark Atlanta Panthers,353082,Clark Atlanta Panthers
Central State Marauders,353088,Central State Marauders
Kentucky Wesleyan Panthers,353094,Kentucky Wesleyan Panthers
Florida Tech Panthers,353100,Florida Tech Panthers
Clarion University Golden Eagles,353104,Clarion University Golden Eagles
Catawba Indians,353108,Catawba Indians
Campbell Fighting Camels,353110,Campbell Fighting Camels
North Greenville Crusaders,353128,North Greenville Crusaders
Taylor Trojans,353130,Taylor Trojans
Kentucky Christian Knights,353138,Kentucky Christian Knights
Cumberland Bulldogs,353142,Cumberland Bulldogs
Point University Skyhawks,353146,Point University Skyhawks
Houston Cougars,364484,Houston Cougars
Clemson Tigers,364698,Clemson Tigers
Buffalo Bulls,366288,Buffalo Bulls
Kentucky State University Thorobreds,366608,Kentucky State University Thorobreds
West Virginia Wesleyan Bobcats,366610,West Virginia Wesleyan Bobcats
Tennessee Titans,367364,Tennessee Titans
New Mexico Highlands Cowboys,369238,New Mexico Highlands Cowboys
Quincy Hawks,369240,Quincy Hawks
Edward Waters Tigers,390182,Edward Waters Tigers
Texas AM Commerce Lions,399883,Texas AM Commerce Lions
Mount Union Purple Raiders,399885,Mount Union Purple Raiders
West Florida Argonauts,399887,West Florida Argonauts
New Haven Chargers,431811,New Haven Chargers
Waldorf Warriors,431817,Waldorf Warriors
Mount Saint Joseph Lions,431819,Mount Saint Joseph Lions
William Jewell Cardinals,431821,William Jewell Cardinals
Bluefield College Rams,431823,Bluefield College Rams
Langston Lions,434022,Langston Lions
Tarleton State Texans,434024,Tarleton State Texans
Angelo State Rams,434028,Angelo State Rams
Saint Xavier Cougars,434030,Saint Xavier Cougars
Southwest Baptist Bearcats,434034,Southwest Baptist Bearcats
St. Francis (Il) Fighting Saints,434038,St. Francis (Il) Fighting Saints
Louisiana College Wildcats,434040,Louisiana College Wildcats
Tusculum Pioneers,435802,Tusculum Pioneers
Lincoln University Blue Tigers,435804,Lincoln University Blue Tigers
Central Washington Wildcats,435806,Central Washington Wildcats
Azusa Pacific Cougars,440954,Azusa Pacific Cougars
Mississippi Choctaws,440956,Mississippi Choctaws
Lane College Dragons,442700,Lane College Dragons
St. Andrews Knights,442702,St. Andrews Knights
Suny Maritime Privateers,442704,Suny Maritime Privateers
Bowie State Bulldogs,445371,Bowie State Bulldogs
Chowan Hawks,445373,Chowan Hawks
Western State Colorado Mountaineers,445597,Western State Colorado Mountaineers
Adams State Grizzlies,446149,Adams State Grizzlies
Albany State Golden Rams,446155,Albany State Golden Rams
Alderson Broaddus Battlers,446175,Alderson Broaddus Battlers
American International Yellow Jackets,446177,American International Yellow Jackets
Arkansas Tech Wonder Boys,446179,Arkansas Tech Wonder Boys
Arkansas Monticello Boll Weevils,446181,Arkansas Monticello Boll Weevils
Ashland Eagles,446183,Ashland Eagles
Assumption College Greyhounds,446185,Assumption College Greyhounds
Augustana University Vikings,446187,Augustana University Vikings
Bemidji State Beavers,446189,Bemidji State Beavers
Benedict College Tigers,446191,Benedict College Tigers
Bentley Falcons Football,446193,Bentley Falcons Football
Black Hills State Yellow Jackets,446195,Black Hills State Yellow Jackets
Bloomsburg Huskies,446203,Bloomsburg Huskies
California Vulcans,446205,California Vulcans
Carson-Newman Eagles,446207,Carson-Newman Eagles
Central Missouri Mules,446213,Central Missouri Mules
Central Oklahoma Bronchos,446215,Central Oklahoma Bronchos
Chadron State Eagles,446235,Chadron State Eagles
Charleston Golden Eagles,446237,Charleston Golden Eagles
Colorado Mesa University Mavericks,446239,Colorado Mesa University Mavericks
Colorado Mines Orediggers,446241,Colorado Mines Orediggers
Colorado State Pueblo Thunderwolves,446243,Colorado State Pueblo Thunderwolves
Concord University Mountain Lions,446245,Concord University Mountain Lions
Concordia University Golden Bears,446247,Concordia University Golden Bears
Davenport Panthers,446249,Davenport Panthers
Delta State Statesmen,446251,Delta State Statesmen
Dixie State Trailblazers,446253,Dixie State Trailblazers
East Central Tigers,446255,East Central Tigers
East Stroudsburg Warriors,446257,East Stroudsburg Warriors
Eastern New Mexico Greyhounds,446259,Eastern New Mexico Greyhounds
Edinboro Fighting Scots,446261,Edinboro Fighting Scots
Elizabeth City State Vikings,446263,Elizabeth City State Vikings
Emporia State Hornets,446265,Emporia State Hornets
Fairmont State University Falcons,446271,Fairmont State University Falcons
Fayetteville State Broncos,446273,Fayetteville State Broncos
Fort Lewis Skyhawks,446275,Fort Lewis Skyhawks
Fort Hays State University Tigers,446277,Fort Hays State University Tigers
Findlay Oilers,446295,Findlay Oilers
Ferris State Bulldogs,446297,Ferris State Bulldogs
Fort Valley State University Wildcats,446299,Fort Valley State University Wildcats
Gannon University Golden Knights,446301,Gannon University Golden Knights
Glenville State Pioneers,446303,Glenville State Pioneers
Grand Valley State Lakers,446305,Grand Valley State Lakers
Harding Bisons,446307,Harding Bisons
Henderson State Reddies,446309,Henderson State Reddies
Hillsdale Chargers,446311,Hillsdale Chargers
Humboldt State Lumberjacks,446313,Humboldt State Lumberjacks
Iup Crimson Hawks,446315,Iup Crimson Hawks
Indianapolis Greyhounds,446317,Indianapolis Greyhounds
Kutztown Golden Bears,446321,Kutztown Golden Bears
Lake Erie Storm,446323,Lake Erie Storm
Lenoir Rhyne Bears,446325,Lenoir Rhyne Bears
Limestone Saints,446327,Limestone Saints
Lincoln Lions,446333,Lincoln Lions
Lindenwood Lions,446335,Lindenwood Lions
Malone University Pioneers,446339,Malone University Pioneers
Mars Hill Lions,446341,Mars Hill Lions
University of Mary Marauders,446343,University of Mary Marauders
Mckendree Bearcats,446345,Mckendree Bearcats
Merrimack Warriors,446347,Merrimack Warriors
Michigan Tech Huskies,446349,Michigan Tech Huskies
Midwestern State Mustangs,446351,Midwestern State Mustangs
Miles Golden Bears,446353,Miles Golden Bears
Millersville University of Pennsylvania Marauders,446355,Millersville University of Pennsylvania Marauders
Minnesota State Mankato Mavericks,446357,Minnesota State Mankato Mavericks
Minnesota State University Moorhead Dragons,446359,Minnesota State University Moorhead Dragons
Minnesota Crookston Golden Eagles,446375,Minnesota Crookston Golden Eagles
Minnesota Duluth Bulldogs,446379,Minnesota Duluth Bulldogs
Minot State Beavers,446381,Minot State Beavers
Missouri St Miners,446393,Missouri St Miners
Missouri Southern Lions,446395,Missouri Southern Lions
Missouri Western Griffons,446397,Missouri Western Griffons
Morehouse College Maroon Tigers,446399,Morehouse College Maroon Tigers
Nebraska Kearney Lopers,446401,Nebraska Kearney Lopers
Unc Pembroke Braves,446651,Unc Pembroke Braves
Northeastern State Riverhawks,446655,Northeastern State Riverhawks
Northern Michigan Wildcats,446657,Northern Michigan Wildcats
Northern State Wolves,446659,Northern State Wolves
Northwestern Oklahoma State Rangers,446663,Northwestern Oklahoma State Rangers
Northwood Timberwolves,446665,Northwood Timberwolves
Notre Dame Falcons,446667,Notre Dame Falcons
Ohio Dominican Panthers,446669,Ohio Dominican Panthers
Oklahoma Baptist Bison,446671,Oklahoma Baptist Bison
Ouachita Baptist Tigers,446673,Ouachita Baptist Tigers
Pace University Setters,446675,Pace University Setters
Pittsburgh State Gorillas,446677,Pittsburgh State Gorillas
Saginaw Valley State Cardinals,446679,Saginaw Valley State Cardinals
St Augustines Falcons,446683,St Augustines Falcons
St Cloud State Huskies,446685,St Cloud State Huskies
Seton Hill Griffins,446687,Seton Hill Griffins
Shepherd Rams,446691,Shepherd Rams
Shippensburg Raiders,446693,Shippensburg Raiders
Shorter Hawks,446695,Shorter Hawks
Simon Fraser Clan,446697,Simon Fraser Clan
Sioux Falls Cougars,446711,Sioux Falls Cougars
Slippery Rock,446713,Slippery Rock
South Dakota Mines Hardrockers,446715,South Dakota Mines Hardrockers
Southeastern Oklahoma State Savage Storm,446717,Southeastern Oklahoma State Savage Storm
Southern Arkansas Muleriders,446719,Southern Arkansas Muleriders
Southern Connecticut Fighting Owls,446721,Southern Connecticut Fighting Owls
Southern Nazarene Crimson Storm,446723,Southern Nazarene Crimson Storm
Southwest Minnesota State Mustangs,446725,Southwest Minnesota State Mustangs
Southwestern Oklahoma State Bulldogs,446727,Southwestern Oklahoma State Bulldogs
Stonehill Skyhawks,446729,Stonehill Skyhawks
Texas AM Kingsville Javelinas,446731,Texas AM Kingsville Javelinas
Tiffin Dragons,446735,Tiffin Dragons
Truman State Bulldogs,446737,Truman State Bulldogs
Tuskegee Golden Tigers,446741,Tuskegee Golden Tigers
Upper Iowa Peacocks,446743,Upper Iowa Peacocks
Urbana Blue Knights,446745,Urbana Blue Knights
Valdosta State Blazers,446747,Valdosta State Blazers
Virginia Union Panthers,446751,Virginia Union Panthers
Virginia Wise Highland Cavaliers,446753,Virginia Wise Highland Cavaliers
Washburn Ichabods Football,446755,Washburn Ichabods Football
Wayne State Warriors,446757,Wayne State Warriors
Wayne State Wildcats,446759,Wayne State Wildcats
West Alabama Tigers,446761,West Alabama Tigers
West Chester Golden Rams,446763,West Chester Golden Rams
West Georgia Wolves,446765,West Georgia Wolves
West Liberty Hilltoppers,446767,West Liberty Hilltoppers
West Texas AM Buffaloes,446769,West Texas AM Buffaloes
West Virginia State Yellow Jackets,446771,West Virginia State Yellow Jackets
Western New Mexico Mustangs,446773,Western New Mexico Mustangs
Western Oregon Wolves,446775,Western Oregon Wolves
Wingate Bulldogs,446777,Wingate Bulldogs
Winona State Warriors,446779,Winona State Warriors
Winston Salem State Rams,446781,Winston Salem State Rams
Adrian Bulldogs,449789,Adrian Bulldogs
Albion Britons,449791,Albion Britons
Albright Lions,449793,Albright Lions
Alfred State Pioneers,449795,Alfred State Pioneers
Alfred Saxons,449797,Alfred Saxons
Allegheny Gators,449799,Allegheny Gators
Alvernia Golden Wolves,449803,Alvernia Golden Wolves
Amherst Mammoths,449805,Amherst Mammoths
"Anderson	Ravens",449807,"Anderson	Ravens"
Anna Maria Amcats,449809,Anna Maria Amcats
"Augsburg	Auggies",449811,"Augsburg	Auggies"
Aurora Spartans,449813,Aurora Spartans
Austin Kangaroos,449815,Austin Kangaroos
Averett Cougars,449817,Averett Cougars
Baldwin Wallace Yellow Jackets,449819,Baldwin Wallace Yellow Jackets
Bates Bobcats,449821,Bates Bobcats
Becker Hawks,449823,Becker Hawks
"Belhaven	Blazers",449825,"Belhaven	Blazers"
Beloit Buccaneers,449827,Beloit Buccaneers
Benedictine Eagles,449829,Benedictine Eagles
Berry Vikings,449831,Berry Vikings
Bethany Bison,449833,Bethany Bison
Bethel Royals,449835,Bethel Royals
Birmingham Southern Panthers,449837,Birmingham Southern Panthers
Bluffton Beavers,449839,Bluffton Beavers
Bowdoin Polar Bears,449841,Bowdoin Polar Bears
Brevard Tornados,449843,Brevard Tornados
Bridgewater Bears,449845,Bridgewater Bears
Bridgewater Eagles,449847,Bridgewater Eagles
"Brockport	Golden Eagles",449849,"Brockport	Golden Eagles"
Buena Vista Beavers,449851,Buena Vista Beavers
Buffalo Bengals,449853,Buffalo Bengals
California Lutheran Kingsmen,449855,California Lutheran Kingsmen
Capital Crusaders,449857,Capital Crusaders
Carleton Knights,449859,Carleton Knights
Carnegie Mellon Tartans,449861,Carnegie Mellon Tartans
Carroll Pioneers,449863,Carroll Pioneers
"Carthage	Red Men",449865,"Carthage	Red Men"
Case Western Reserve Spartans,449867,Case Western Reserve Spartans
"Castleton	Spartans",449869,"Castleton	Spartans"
Catholic Cardinals,449871,Catholic Cardinals
Central Dutch,449873,Central Dutch
Centre Colonels,449875,Centre Colonels
Chapman Panthers,449877,Chapman Panthers
Chicago Maroons,449879,Chicago Maroons
Christopher Newport Captains,449881,Christopher Newport Captains
Claremont Mudd Scripps Stags,449883,Claremont Mudd Scripps Stags
Coast Guard Bears,449885,Coast Guard Bears
"Coe	Kohawks",449887,"Coe	Kohawks"
Colby Mules,449889,Colby Mules
Concordia Wisconsin Falcons,449891,Concordia Wisconsin Falcons
Concordia Chicago Cougars,449893,Concordia Chicago Cougars
Concordia Moorhead Cobbers,449895,Concordia Moorhead Cobbers
Cornell Rams,449897,Cornell Rams
Cortland Red Dragons,449899,Cortland Red Dragons
Crown Storm,449901,Crown Storm
Curry Colonels,449903,Curry Colonels
Dean Bulldogs,449905,Dean Bulldogs
"Defiance	Yellow Jackets",449907,"Defiance	Yellow Jackets"
Delaware Valley Aggies,449909,Delaware Valley Aggies
Denison Big Red,449911,Denison Big Red
Depauw Tigers,449913,Depauw Tigers
Dickinson Red Devils,449915,Dickinson Red Devils
"Dubuque	Spartans",449917,"Dubuque	Spartans"
Earlham Quakers,449919,Earlham Quakers
East Texas Baptist Tigers,449921,East Texas Baptist Tigers
Emory And Henry Wasps,449923,Emory And Henry Wasps
Endicott Gulls,449925,Endicott Gulls
Eureka Red Devils,449927,Eureka Red Devils
Fdu Florham Devils,449929,Fdu Florham Devils
Ferrum Panthers,449931,Ferrum Panthers
"Finlandia	Lions",449933,"Finlandia	Lions"
Fitchburg Falcons,449935,Fitchburg Falcons
Framingham Rams,449937,Framingham Rams
Franklin And Marshall Diplomats,449939,Franklin And Marshall Diplomats
Franklin College Grizzlies,449941,Franklin College Grizzlies
Frostburg State Bobcats,449943,Frostburg State Bobcats
"Gallaudet	Bison",449945,"Gallaudet	Bison"
Geneva Golden Tornadoes,449947,Geneva Golden Tornadoes
George Fox Bruins,449949,George Fox Bruins
Gettysburg Bullets,449951,Gettysburg Bullets
Greensboro Pride,449953,Greensboro Pride
Greenville Panthers,449955,Greenville Panthers
Grinnell Pioneers,449959,Grinnell Pioneers
Grove City Wolverines,449961,Grove City Wolverines
"Gustavus Adolphus	Gusties",449963,"Gustavus Adolphus	Gusties"
Hamilton Continentals,449965,Hamilton Continentals
Hamline Pipers,449967,Hamline Pipers
Hampden Sydney Tigers,449969,Hampden Sydney Tigers
Hanover Panthers,449971,Hanover Panthers
Hardin Simmons Cowboys,449973,Hardin Simmons Cowboys
Hartwick Hawks,449975,Hartwick Hawks
Heidelberg Student Princes,449977,Heidelberg Student Princes
Hendrix Warriors,449979,Hendrix Warriors
Hiram Terriers,449981,Hiram Terriers
Hobart Statesmen,449983,Hobart Statesmen
Hope Flying Dutchmen,449985,Hope Flying Dutchmen
Howard Payne Yellow Jackets,449987,Howard Payne Yellow Jackets
Huntingdon Hawks,449989,Huntingdon Hawks
Husson Eagles,449991,Husson Eagles
"Illinois College	Blueboys",449993,"Illinois College	Blueboys"
Illinois Wesleyan Titans,449995,Illinois Wesleyan Titans
Iowa Wesleyan,449997,Iowa Wesleyan
Ithaca Bombers,449999,Ithaca Bombers
John Carroll Blue Streaks,450001,John Carroll Blue Streaks
Johns Hopkins Blue Jays,450003,Johns Hopkins Blue Jays
Juniata Eagles,450005,Juniata Eagles
Kalamazoo Hornets,450007,Kalamazoo Hornets
Kean Cougars,450009,Kean Cougars
Kenyon Lords,450011,Kenyon Lords
Kings Monarchs,450013,Kings Monarchs
Knox Prairie Fire,450015,Knox Prairie Fire
La Verne Leopards,450017,La Verne Leopards
Lagrange Panthers,450019,Lagrange Panthers
Lake Forest Foresters,450021,Lake Forest Foresters
"Lakeland	Muskies",450023,"Lakeland	Muskies"
Lawrence Vikings,450025,Lawrence Vikings
Lebanon Valley Flying Dutchmen,450027,Lebanon Valley Flying Dutchmen
Lewis And Clark Pioneers,450029,Lewis And Clark Pioneers
Linfield Wildcats,450031,Linfield Wildcats
Loras Duhawks,450033,Loras Duhawks
Luther Norse,450035,Luther Norse
"Lycoming	Warriors",450037,"Lycoming	Warriors"
Macalester Scots,450039,Macalester Scots
Macmurray Highlanders,450041,Macmurray Highlanders
Maine Maritime Mariners,450043,Maine Maritime Mariners
Manchester Spartans,450045,Manchester Spartans
Marietta Pioneers,450047,Marietta Pioneers
Martin Luther Knights,450049,Martin Luther Knights
Maryville Scots,450051,Maryville Scots
Umass Dartmouth Corsairs,450053,Umass Dartmouth Corsairs
"Massachusetts Maritime	Buccaneers",450055,"Massachusetts Maritime	Buccaneers"
"Mcdaniel	Green Terror",450057,"Mcdaniel	Green Terror"
Mcmurry War Hawks,450059,Mcmurry War Hawks
Merchant Marine Mariners,450061,Merchant Marine Mariners
Middlebury Panthers,450063,Middlebury Panthers
Millikin Big Blue,450065,Millikin Big Blue
Millsaps Majors,450067,Millsaps Majors
Minnesota Morris Cougars,450069,Minnesota Morris Cougars
Misericordia Cougars,450071,Misericordia Cougars
Mit Engineers,450073,Mit Engineers
Monmouth Fighting Scots,450075,Monmouth Fighting Scots
Montclair State Red Hawks,450077,Montclair State Red Hawks
"Moravian	Greyhounds",450079,"Moravian	Greyhounds"
Suny Morrisville Mustangs,450081,Suny Morrisville Mustangs
Muhlenberg Mules,450085,Muhlenberg Mules
Muskingum Fighting Muskies,450087,Muskingum Fighting Muskies
Nc Wesleyan Battling Bishops,450089,Nc Wesleyan Battling Bishops
Nebraska Wesleyan Prairie Wolves,450091,Nebraska Wesleyan Prairie Wolves
Nichols Bison,450093,Nichols Bison
North Central Cardinals,450095,North Central Cardinals
North Park Vikings,450097,North Park Vikings
Northwestern Eagles,450099,Northwestern Eagles
Norwich Cadets,450101,Norwich Cadets
Oberlin Yeomen,450103,Oberlin Yeomen
Occidental Tigers,450105,Occidental Tigers
"Ohio Northern	Polar Bears",450107,"Ohio Northern	Polar Bears"
Ohio Wesleyan Battling Bishops,450109,Ohio Wesleyan Battling Bishops
Olivet Comets,450111,Olivet Comets
"Otterbein	Cardinals",450113,"Otterbein	Cardinals"
Pacific Lutheran Lutes,450115,Pacific Lutheran Lutes
Pacific Boxers,450117,Pacific Boxers
Plymouth State Panthers,450119,Plymouth State Panthers
Pomona Pitzer Sagehens,450121,Pomona Pitzer Sagehens
Puget Sound Loggers,450123,Puget Sound Loggers
Randolph Macon Yellow Jackets,450125,Randolph Macon Yellow Jackets
"Redlands	Bulldogs",450127,"Redlands	Bulldogs"
Rhodes Lynx,450129,Rhodes Lynx
Ripon Red Hawks,450131,Ripon Red Hawks
Rochester Yellowjackets,450133,Rochester Yellowjackets
"Rockford	Regents",450135,"Rockford	Regents"
Rose Hulman Engineers,450137,Rose Hulman Engineers
Rowan Profs,450139,Rowan Profs
"Rpi	Engineers",450141,"Rpi	Engineers"
"Salisbury	Sea Gulls",450143,"Salisbury	Sea Gulls"
Salve Regina Seahawks,450145,Salve Regina Seahawks
"Sewanee	Tigers",450147,"Sewanee	Tigers"
Shenandoah Hornets,450149,Shenandoah Hornets
Simpson Storm,450151,Simpson Storm
Southern Virginia Knights,450153,Southern Virginia Knights
Southwestern Pirates,450155,Southwestern Pirates
Springfield Pride,450157,Springfield Pride
Saint John Fisher Cardinals,450159,Saint John Fisher Cardinals
Saint Johns Johnnies,450161,Saint Johns Johnnies
Saint Lawrence Saints,450163,Saint Lawrence Saints
Saint Norbert Green Knights,450165,Saint Norbert Green Knights
Saint Olaf Oles,450167,Saint Olaf Oles
Saint Scholastica Saints,450169,Saint Scholastica Saints
Saint Thomas Tommies,450171,Saint Thomas Tommies
Saint Vincent Bearcats,450173,Saint Vincent Bearcats
Stevenson Mustangs,450175,Stevenson Mustangs
Sul Ross State Lobos,450177,Sul Ross State Lobos
Tcnj Lions,450181,Tcnj Lions
Texas Lutheran Bulldogs,450183,Texas Lutheran Bulldogs
Thiel Tomcats,450185,Thiel Tomcats
"Thomas More	Saints",450187,"Thomas More	Saints"
Trine Thunder,450189,Trine Thunder
Trinity Bantams,450191,Trinity Bantams
Trinity Tigers,450193,Trinity Tigers
Tufts Jumbos,450195,Tufts Jumbos
Union Dutchmen,450197,Union Dutchmen
New England Noreasters,450199,New England Noreasters
Ursinus Bears,450201,Ursinus Bears
Utica Pioneers,450203,Utica Pioneers
Uw Eau Claire Blugolds,450205,Uw Eau Claire Blugolds
Uw La Crosse Eagles,450207,Uw La Crosse Eagles
Wisconsin Platteville Pioneers,450209,Wisconsin Platteville Pioneers
Uw River Falls Falcons,450211,Uw River Falls Falcons
Uw Stevens Point Pointers,450213,Uw Stevens Point Pointers
Uw Whitewater Warhawks,450217,Uw Whitewater Warhawks
Wabash Little Giants,450223,Wabash Little Giants
Wartburg Knights,450225,Wartburg Knights
Washington And Jefferson Presidents,450227,Washington And Jefferson Presidents
Washington And Lee Generals,450229,Washington And Lee Generals
Washington Bears,450231,Washington Bears
Waynesburg Yellow Jackets,450233,Waynesburg Yellow Jackets
Wesley Wolverines,450235,Wesley Wolverines
Wesleyan Cardinals,450237,Wesleyan Cardinals
Western Connecticut Colonials,450239,Western Connecticut Colonials
Western New England Golden Bears,450241,Western New England Golden Bears
Westfield State Owls,450243,Westfield State Owls
Westminster Blue Jays,450245,Westminster Blue Jays
Westminster Titans,450247,Westminster Titans
Wheaton Thunder,450249,Wheaton Thunder
Whittier Poets,450251,Whittier Poets
Whitworth Pirates,450253,Whitworth Pirates
Widener Pride,450255,Widener Pride
Wilkes Colonels,450257,Wilkes Colonels
Willamette Bearcats,450259,Willamette Bearcats
William Paterson Pioneers,450261,William Paterson Pioneers
Williams Ephs,450263,Williams Ephs
Wilmington Quakers,450265,Wilmington Quakers
Wisconsin Lutheran Warriors,450267,Wisconsin Lutheran Warriors
Wittenberg Tigers,450269,Wittenberg Tigers
Wooster Fighting Scots,450271,Wooster Fighting Scots
Worcester State Lancers,450273,Worcester State Lancers
Worcester Poly Engineers,450275,Worcester Poly Engineers
Union College Bulldogs,469383,Union College Bulldogs
Sterling College Warriors,469385,Sterling College Warriors
Saint Johns Red Storm,469387,Saint Johns Red Storm
Southern Oregon Raiders,469391,Southern Oregon Raiders
St. Francis (In) Cougars,469395,St. Francis (In) Cougars
Shepherd Tech Eagles,469399,Shepherd Tech Eagles
Canisius Golden Griffins,469405,Canisius Golden Griffins
University of The South Tigers,469409,University of The South Tigers
"Susquehanna	River Hawks",469417,"Susquehanna	River Hawks"
Dakota State Trojans,469429,Dakota State Trojans
Western Washington Vikings,469433,Western Washington Vikings
Warner Royals,469435,Warner Royals
Concordia College Hornets,469439,Concordia College Hornets
La Salle Explorers,469447,La Salle Explorers
St Josephs Pumas,469465,St Josephs Pumas
The Apprentice School Builders,469467,The Apprentice School Builders
Hastings College Broncos,469475,Hastings College Broncos
Midland Lutheran Warriors,469485,Midland Lutheran Warriors
Wright State Raiders,469489,Wright State Raiders
College of Faith Warriors,469491,College of Faith Warriors
Morningside Mustangs,469495,Morningside Mustangs
Montana Tech Orediggers,469497,Montana Tech Orediggers
Peru State Bobcats,469521,Peru State Bobcats
Concordia (Mi) Cardinals,469547,Concordia (Mi) Cardinals
Northwestern (Ia) Red Raiders,469559,Northwestern (Ia) Red Raiders
Lambuth Eagles,469597,Lambuth Eagles
Southwestern Assemblies of God Lions,469605,Southwestern Assemblies of God Lions
Uw Stout Blue Devils,469609,Uw Stout Blue Devils
Elmhurst Bluejays,469613,Elmhurst Bluejays
Monterrey Tech Borregos Salvajes,469633,Monterrey Tech Borregos Salvajes
Texas College Steers,469663,Texas College Steers
UBC Thunderbirds,469671,UBC Thunderbirds
St Francis Xavier X Men,469675,St Francis Xavier X Men
Allen Yellow Jackets,469693,Allen Yellow Jackets
Olivet Nazarene Tigers,469707,Olivet Nazarene Tigers
Montana State-Northern Northern Lights,469711,Montana State-Northern Northern Lights
Mercyhurst Lakers,469725,Mercyhurst Lakers
Faulkner Eagles,469729,Faulkner Eagles
Central Methodist Eagles,469735,Central Methodist Eagles
Webber International Warriors,469743,Webber International Warriors
Blackburn College Beavers,469777,Blackburn College Beavers
Paul Quinn Tigers,469781,Paul Quinn Tigers
Carroll (Mt) Fighting Saints,469789,Carroll (Mt) Fighting Saints
Ohio State Newark Titans,469793,Ohio State Newark Titans
Manitoba Bisons,469807,Manitoba Bisons
West Virginia Tech Golden Bears,469819,West Virginia Tech Golden Bears
Rocky Mountain Bears,469837,Rocky Mountain Bears
Stillman Tigers,469853,Stillman Tigers
Baker Wildcats,469861,Baker Wildcats
Texas Wesleyan Rams,470015,Texas Wesleyan Rams
George Mason Patriots,470029,George Mason Patriots
Oklahoma Panhandle State Aggies,470045,Oklahoma Panhandle State Aggies
Cumberlands Patriots,470071,Cumberlands Patriots
Ave Maria Gyrenes,470093,Ave Maria Gyrenes
Kansas Wesleyan Coyotes,470105,Kansas Wesleyan Coyotes
Northeastern Huskies,470109,Northeastern Huskies
Cheyney Wolves,470283,Cheyney Wolves
Campbellsville Tigers,470313,Campbellsville Tigers
Menlo Oaks,470367,Menlo Oaks
Mayville State Comets,470401,Mayville State Comets
Marian University Knights,470445,Marian University Knights
Avila University Eagles,470477,Avila University Eagles
Ottawa Braves,470487,Ottawa Braves
Saint Marys Gaels,470499,Saint Marys Gaels
Umass Lowell River Hawks,470517,Umass Lowell River Hawks
William Penn Statesmen,470521,William Penn Statesmen
Valley City State Vikings,470523,Valley City State Vikings
Morris Brown Wolverines,470535,Morris Brown Wolverines
St. Ambrose Fighting Bees,470537,St. Ambrose Fighting Bees
New Jersey Lions,470543,New Jersey Lions
Haskell Indians,470555,Haskell Indians
Wayland Baptist Pioneers,470573,Wayland Baptist Pioneers
Fairfield Stags,470593,Fairfield Stags
Williamson Trade Mechanics,470599,Williamson Trade Mechanics
Concordia Bulldogs,470629,Concordia Bulldogs
Dickinson State Blue Hawks,470683,Dickinson State Blue Hawks
St. Peter's Peacocks,470687,St. Peter's Peacocks
Siena Saints,470693,Siena Saints
Missouri Baptist Spartans,470721,Missouri Baptist Spartans
Laval Rouge,470731,Laval Rouge
Jamestown Jimmies,470745,Jamestown Jimmies
Midamerica Nazarene Pioneers,470755,Midamerica Nazarene Pioneers
Dana Vikings,470773,Dana Vikings
University of Faith Glory Eagles,470777,University of Faith Glory Eagles
Bethany (Ks) Swedes,470789,Bethany (Ks) Swedes
Evangel University Crusaders,470799,Evangel University Crusaders
Iona Gaels,470805,Iona Gaels
Presentation College Saints,470813,Presentation College Saints
Graceland Yellowjackets,470825,Graceland Yellowjackets
Alma College Scots,470841,Alma College Scots
Culver Stockton Wildcats,470863,Culver Stockton Wildcats
Nebraska Omaha Mavericks,470867,Nebraska Omaha Mavericks
Georgetown College Tigers,470869,Georgetown College Tigers
Maranatha Baptist Crusaders,470871,Maranatha Baptist Crusaders
Pikeville Bears,470875,Pikeville Bears
Colorado College Tigers,470877,Colorado College Tigers
Saint Paul's Tigers,470879,Saint Paul's Tigers
Cal State Northridge Matadors,470881,Cal State Northridge Matadors
Mansfield Mountaineers,470883,Mansfield Mountaineers
Eastern Oregon Mountaineers,470889,Eastern Oregon Mountaineers
Trinity Bible College Lions,470893,Trinity Bible College Lions
Arizona Christian Firestorm,470895,Arizona Christian Firestorm
Grand View Vikings,470899,Grand View Vikings
Americas Puebla Aztecas,470901,Americas Puebla Aztecas
North Carolina Wesleyan Battling Bishops,475852,North Carolina Wesleyan Battling Bishops
Bethel University (Tn) Wildcats,477322,Bethel University (Tn) Wildcats
College of Faith (Nc),477330,College of Faith (Nc)
Robert Morris (Il) Eagles,477332,Robert Morris (Il) Eagles
Augustana College Vikings,494196,Augustana College Vikings
Cochran Knights,494198,Cochran Knights
Lawrence Tech Blue Devils,494216,Lawrence Tech Blue Devils
Lyon College Scots,494218,Lyon College Scots
Indiana Wesleyan Wildcats,494242,Indiana Wesleyan Wildcats
Saint Anselm Hawks,494244,Saint Anselm Hawks
Texas-Permian Basin Falcons,494246,Texas-Permian Basin Falcons
Shaw Bears,496218,Shaw Bears
Lindsey Wilson Blue Raiders,505116,Lindsey Wilson Blue Raiders
Heads,539457,Heads
Tails,539459,Tails
Reinhardt Eagles,571467,Reinhardt Eagles
Franklin Pierce Ravens,576207,Franklin Pierce Ravens
San Francisco Dons,579573,San Francisco Dons
Portland Pilots,579575,Portland Pilots
Long Beach State 49Ers,579579,Long Beach State 49Ers
Manhattan Jaspers,580081,Manhattan Jaspers
Oglethorpe Stormy Petrels,580083,Oglethorpe Stormy Petrels
Evansville Purple Aces,580085,Evansville Purple Aces
Cal State Fullerton Titans,580087,Cal State Fullerton Titans
Drexel Dragons,580101,Drexel Dragons
Saint Bonaventure Brown Indians,580103,Saint Bonaventure Brown Indians
Pepperdine Waves,580105,Pepperdine Waves
Saint Louis Billikens,580107,Saint Louis Billikens
Centenary Gents,580109,Centenary Gents
Providence Friars,580111,Providence Friars
Vermont Catamounts,580129,Vermont Catamounts
Transylvania Pioneers,580131,Transylvania Pioneers
Case Rough Riders,580133,Case Rough Riders
Cal State La Golden Eagles,580135,Cal State La Golden Eagles
Bradley Braves,580137,Bradley Braves
Boston University Terriers,580157,Boston University Terriers
Ut Arlington Maverick,580287,Ut Arlington Maverick
Creighton Bluejays,580353,Creighton Bluejays
Pacific Tigers,580479,Pacific Tigers
Carnegie Tech Tartans,580481,Carnegie Tech Tartans
Wichita State Shockers,580483,Wichita State Shockers
Denver Pioneers,580487,Denver Pioneers
George Washington Colonials,580489,George Washington Colonials
Seton Hall Pirates,580497,Seton Hall Pirates
California Santa Barbara Gauchos,580501,California Santa Barbara Gauchos
Corpus Christi Comets,581743,Corpus Christi Comets
Arizona All-Stars,582631,Arizona All-Stars
Georgia Tech Yellow Jackets B,582863,Georgia Tech Yellow Jackets B
Shreveport Knights,582963,Shreveport Knights
Oklahoma City Stars,583261,Oklahoma City Stars
Texas AM Corpus Christi,583265,Texas AM Corpus Christi
Brooklyn Bulldogs,583283,Brooklyn Bulldogs
UC Riverside Highlanders,583295,UC Riverside Highlanders
Clarkson Golden Knights,583299,Clarkson Golden Knights
Cumberland Phoenix,583301,Cumberland Phoenix
Doane Tigers,583303,Doane Tigers
Erskine Flying Fleet,583305,Erskine Flying Fleet
Florida Southern Moccasins,583307,Florida Southern Moccasins
North Georgia Nighthawks,583321,North Georgia Nighthawks
Depaul Blue Demons,583323,Depaul Blue Demons
Sonoma Seawolves,583337,Sonoma Seawolves
Ballard Meteors,583503,Ballard Meteors
Brooklyn Tigers,583609,Brooklyn Tigers
Cal Poly Pomona Broncos,583623,Cal Poly Pomona Broncos
Camp Baker,583625,Camp Baker
Clarke Memorial College,584835,Clarke Memorial College
Cal State Hayward Pioneers,585081,Cal State Hayward Pioneers
Farragut Naval Blue Jackets,585889,Farragut Naval Blue Jackets
Fleet City Blue Jackets,585931,Fleet City Blue Jackets
North Dakota Teachers,587015,North Dakota Teachers
American Legion,587125,American Legion
Atlantic Chrisitan,587131,Atlantic Chrisitan
Cleveland Naval Reserves,587175,Cleveland Naval Reserves
Liu Sharks,597668,Liu Sharks
Cincinnati Christian Eagles,605620,Cincinnati Christian Eagles
Ottawa Spirit,605630,Ottawa Spirit
Wheeling Jesuit,605632,Wheeling Jesuit
Des Moines Baptist,606180,Des Moines Baptist
East Tennessee State Buccaneers,613074,East Tennessee State Buccaneers
Texas Southern Tigers,613082,Texas Southern Tigers
Barton Bulldogs,690289,Barton Bulldogs
Middle Georgia State Knights,690297,Middle Georgia State Knights
Florida Memorial University Lions,724013,Florida Memorial University Lions
